Ticket_ID,Created_Date,Priority,Category,Status,Assigned_Team,Resolution_Time,Resolved_Date
1000,2024-01-01 00:00:00,High,Hardware,Resolved,L3,3,2024-01-01 03:00:00
1001,2024-01-01 01:00:00,Low,Hardware,Resolved,L2,51,2024-01-03 04:00:00
1002,2024-01-01 02:00:00,High,Hardware,Resolved,L1,20,2024-01-01 22:00:00
1003,2024-01-01 03:00:00,High,Hardware,Resolved,L1,21,2024-01-02 00:00:00
1004,2024-01-01 04:00:00,Low,Access,Resolved,L3,46,2024-01-03 02:00:00
1005,2024-01-01 05:00:00,Low,Network,Resolved,L3,55,2024-01-03 12:00:00
1006,2024-01-01 06:00:00,High,Access,Resolved,L3,17,2024-01-01 23:00:00
1007,2024-01-01 07:00:00,Medium,Access,Resolved,L3,71,2024-01-04 06:00:00
1008,2024-01-01 08:00:00,High,Hardware,Pending,L2,14,2024-01-01 22:00:00
1009,2024-01-01 09:00:00,High,Software,Resolved,L1,17,2024-01-02 02:00:00
1010,2024-01-01 10:00:00,High,Software,Resolved,L3,18,2024-01-02 04:00:00
1011,2024-01-01 11:00:00,High,Access,Pending,L2,13,2024-01-02 00:00:00
1012,2024-01-01 12:00:00,Low,Access,Resolved,L3,42,2024-01-03 06:00:00
1013,2024-01-01 13:00:00,High,Hardware,Pending,L3,20,2024-01-02 09:00:00
1014,2024-01-01 14:00:00,Medium,Access,Resolved,L1,53,2024-01-03 19:00:00
1015,2024-01-01 15:00:00,Low,Hardware,Resolved,L3,68,2024-01-04 11:00:00
1016,2024-01-01 16:00:00,Medium,Software,Resolved,L1,66,2024-01-04 10:00:00
1017,2024-01-01 17:00:00,Medium,Software,Resolved,L1,53,2024-01-03 22:00:00
1018,2024-01-01 18:00:00,Medium,Network,Resolved,L1,64,2024-01-04 10:00:00
1019,2024-01-01 19:00:00,Medium,Software,Resolved,L2,67,2024-01-04 14:00:00
1020,2024-01-01 20:00:00,Low,Access,Resolved,L2,45,2024-01-03 17:00:00
1021,2024-01-01 21:00:00,Low,Software,Resolved,L1,20,2024-01-02 17:00:00
1022,2024-01-01 22:00:00,Medium,Hardware,Resolved,L3,33,2024-01-03 07:00:00
1023,2024-01-01 23:00:00,Medium,Software,Pending,L1,24,2024-01-02 23:00:00
1024,2024-01-02 00:00:00,Low,Network,Pending,L3,36,2024-01-03 12:00:00
1025,2024-01-02 01:00:00,Low,Software,Pending,L1,59,2024-01-04 12:00:00
1026,2024-01-02 02:00:00,Low,Hardware,Resolved,L3,29,2024-01-03 07:00:00
1027,2024-01-02 03:00:00,High,Hardware,Resolved,L2,9,2024-01-02 12:00:00
1028,2024-01-02 04:00:00,High,Access,Resolved,L3,5,2024-01-02 09:00:00
1029,2024-01-02 05:00:00,High,Software,Resolved,L1,1,2024-01-02 06:00:00
1030,2024-01-02 06:00:00,Medium,Hardware,Resolved,L2,28,2024-01-03 10:00:00
1031,2024-01-02 07:00:00,High,Network,Resolved,L3,22,2024-01-03 05:00:00
1032,2024-01-02 08:00:00,Medium,Access,Resolved,L3,53,2024-01-04 13:00:00
1033,2024-01-02 09:00:00,Medium,Network,Resolved,L3,26,2024-01-03 11:00:00
1034,2024-01-02 10:00:00,High,Software,Resolved,L3,9,2024-01-02 19:00:00
1035,2024-01-02 11:00:00,Medium,Software,Resolved,L3,66,2024-01-05 05:00:00
1036,2024-01-02 12:00:00,High,Software,Resolved,L2,5,2024-01-02 17:00:00
1037,2024-01-02 13:00:00,High,Access,Pending,L2,11,2024-01-03 00:00:00
1038,2024-01-02 14:00:00,Low,Hardware,Resolved,L2,28,2024-01-03 18:00:00
1039,2024-01-02 15:00:00,High,Access,Resolved,L2,21,2024-01-03 12:00:00
1040,2024-01-02 16:00:00,Low,Network,Resolved,L1,20,2024-01-03 12:00:00
1041,2024-01-02 17:00:00,High,Access,Resolved,L2,12,2024-01-03 05:00:00
1042,2024-01-02 18:00:00,High,Network,Resolved,L3,19,2024-01-03 13:00:00
1043,2024-01-02 19:00:00,Low,Access,Resolved,L3,37,2024-01-04 08:00:00
1044,2024-01-02 20:00:00,Low,Hardware,Resolved,L2,38,2024-01-04 10:00:00
1045,2024-01-02 21:00:00,High,Network,Resolved,L3,7,2024-01-03 04:00:00
1046,2024-01-02 22:00:00,Medium,Software,Resolved,L2,29,2024-01-04 03:00:00
1047,2024-01-02 23:00:00,Low,Software,Resolved,L3,24,2024-01-03 23:00:00
1048,2024-01-03 00:00:00,Medium,Access,Pending,L1,27,2024-01-04 03:00:00
1049,2024-01-03 01:00:00,Medium,Software,Resolved,L1,20,2024-01-03 21:00:00
1050,2024-01-03 02:00:00,Medium,Network,Resolved,L2,23,2024-01-04 01:00:00
1051,2024-01-03 03:00:00,Low,Software,Pending,L2,55,2024-01-05 10:00:00
1052,2024-01-03 04:00:00,Medium,Hardware,Resolved,L2,49,2024-01-05 05:00:00
1053,2024-01-03 05:00:00,Low,Hardware,Resolved,L3,30,2024-01-04 11:00:00
1054,2024-01-03 06:00:00,Medium,Access,Resolved,L2,71,2024-01-06 05:00:00
1055,2024-01-03 07:00:00,High,Network,Resolved,L1,10,2024-01-03 17:00:00
1056,2024-01-03 08:00:00,High,Hardware,Pending,L3,20,2024-01-04 04:00:00
1057,2024-01-03 09:00:00,Low,Hardware,Resolved,L2,46,2024-01-05 07:00:00
1058,2024-01-03 10:00:00,High,Network,Pending,L3,18,2024-01-04 04:00:00
1059,2024-01-03 11:00:00,High,Software,Resolved,L3,20,2024-01-04 07:00:00
1060,2024-01-03 12:00:00,Medium,Software,Resolved,L2,27,2024-01-04 15:00:00
1061,2024-01-03 13:00:00,Low,Access,Resolved,L3,66,2024-01-06 07:00:00
1062,2024-01-03 14:00:00,Medium,Software,Resolved,L1,50,2024-01-05 16:00:00
1063,2024-01-03 15:00:00,Medium,Network,Resolved,L1,15,2024-01-04 06:00:00
1064,2024-01-03 16:00:00,Medium,Hardware,Pending,L3,70,2024-01-06 14:00:00
1065,2024-01-03 17:00:00,Medium,Software,Resolved,L2,36,2024-01-05 05:00:00
1066,2024-01-03 18:00:00,Medium,Access,Pending,L3,43,2024-01-05 13:00:00
1067,2024-01-03 19:00:00,Medium,Software,Resolved,L1,51,2024-01-05 22:00:00
1068,2024-01-03 20:00:00,Medium,Network,Pending,L3,24,2024-01-04 20:00:00
1069,2024-01-03 21:00:00,Low,Access,Resolved,L3,56,2024-01-06 05:00:00
1070,2024-01-03 22:00:00,High,Software,Resolved,L1,15,2024-01-04 13:00:00
1071,2024-01-03 23:00:00,Medium,Access,Pending,L3,60,2024-01-06 11:00:00
1072,2024-01-04 00:00:00,Medium,Network,Resolved,L3,48,2024-01-06 00:00:00
1073,2024-01-04 01:00:00,Medium,Hardware,Resolved,L2,17,2024-01-04 18:00:00
1074,2024-01-04 02:00:00,Medium,Network,Resolved,L2,30,2024-01-05 08:00:00
1075,2024-01-04 03:00:00,Medium,Network,Resolved,L1,24,2024-01-05 03:00:00
1076,2024-01-04 04:00:00,Medium,Network,Pending,L1,68,2024-01-07 00:00:00
1077,2024-01-04 05:00:00,High,Network,Resolved,L1,4,2024-01-04 09:00:00
1078,2024-01-04 06:00:00,High,Hardware,Resolved,L2,2,2024-01-04 08:00:00
1079,2024-01-04 07:00:00,Medium,Hardware,Resolved,L1,25,2024-01-05 08:00:00
1080,2024-01-04 08:00:00,High,Access,Resolved,L1,4,2024-01-04 12:00:00
1081,2024-01-04 09:00:00,Low,Software,Resolved,L1,65,2024-01-07 02:00:00
1082,2024-01-04 10:00:00,Medium,Hardware,Resolved,L2,15,2024-01-05 01:00:00
1083,2024-01-04 11:00:00,Low,Hardware,Resolved,L3,71,2024-01-07 10:00:00
1084,2024-01-04 12:00:00,Low,Software,Resolved,L1,50,2024-01-06 14:00:00
1085,2024-01-04 13:00:00,Medium,Hardware,Resolved,L3,19,2024-01-05 08:00:00
1086,2024-01-04 14:00:00,High,Network,Resolved,L1,20,2024-01-05 10:00:00
1087,2024-01-04 15:00:00,Low,Network,Resolved,L3,24,2024-01-05 15:00:00
1088,2024-01-04 16:00:00,Medium,Software,Resolved,L2,43,2024-01-06 11:00:00
1089,2024-01-04 17:00:00,Low,Access,Resolved,L2,70,2024-01-07 15:00:00
1090,2024-01-04 18:00:00,Low,Access,Resolved,L1,49,2024-01-06 19:00:00
1091,2024-01-04 19:00:00,Low,Software,Resolved,L3,49,2024-01-06 20:00:00
1092,2024-01-04 20:00:00,Low,Software,Resolved,L2,67,2024-01-07 15:00:00
1093,2024-01-04 21:00:00,High,Network,Resolved,L1,6,2024-01-05 03:00:00
1094,2024-01-04 22:00:00,Low,Access,Resolved,L1,64,2024-01-07 14:00:00
1095,2024-01-04 23:00:00,Low,Hardware,Resolved,L2,41,2024-01-06 16:00:00
1096,2024-01-05 00:00:00,Low,Network,Resolved,L2,14,2024-01-05 14:00:00
1097,2024-01-05 01:00:00,High,Software,Resolved,L1,7,2024-01-05 08:00:00
1098,2024-01-05 02:00:00,Low,Access,Resolved,L3,14,2024-01-05 16:00:00
1099,2024-01-05 03:00:00,Low,Hardware,Pending,L3,56,2024-01-07 11:00:00
1100,2024-01-05 04:00:00,High,Hardware,Resolved,L3,21,2024-01-06 01:00:00
1101,2024-01-05 05:00:00,High,Network,Resolved,L1,20,2024-01-06 01:00:00
1102,2024-01-05 06:00:00,High,Access,Resolved,L2,3,2024-01-05 09:00:00
1103,2024-01-05 07:00:00,Low,Access,Resolved,L1,33,2024-01-06 16:00:00
1104,2024-01-05 08:00:00,High,Software,Resolved,L2,22,2024-01-06 06:00:00
1105,2024-01-05 09:00:00,High,Access,Pending,L3,15,2024-01-06 00:00:00
1106,2024-01-05 10:00:00,Low,Access,Resolved,L3,19,2024-01-06 05:00:00
1107,2024-01-05 11:00:00,High,Network,Resolved,L2,12,2024-01-05 23:00:00
1108,2024-01-05 12:00:00,Low,Access,Resolved,L2,19,2024-01-06 07:00:00
1109,2024-01-05 13:00:00,Medium,Hardware,Resolved,L1,68,2024-01-08 09:00:00
1110,2024-01-05 14:00:00,High,Network,Resolved,L3,4,2024-01-05 18:00:00
1111,2024-01-05 15:00:00,Medium,Network,Resolved,L1,25,2024-01-06 16:00:00
1112,2024-01-05 16:00:00,Low,Software,Resolved,L1,43,2024-01-07 11:00:00
1113,2024-01-05 17:00:00,High,Access,Resolved,L1,5,2024-01-05 22:00:00
1114,2024-01-05 18:00:00,Low,Software,Resolved,L3,21,2024-01-06 15:00:00
1115,2024-01-05 19:00:00,Medium,Hardware,Resolved,L1,14,2024-01-06 09:00:00
1116,2024-01-05 20:00:00,Low,Network,Resolved,L1,70,2024-01-08 18:00:00
1117,2024-01-05 21:00:00,High,Network,Resolved,L1,5,2024-01-06 02:00:00
1118,2024-01-05 22:00:00,High,Network,Resolved,L1,16,2024-01-06 14:00:00
1119,2024-01-05 23:00:00,Medium,Hardware,Resolved,L1,70,2024-01-08 21:00:00
1120,2024-01-06 00:00:00,Low,Hardware,Resolved,L1,42,2024-01-07 18:00:00
1121,2024-01-06 01:00:00,High,Software,Resolved,L3,16,2024-01-06 17:00:00
1122,2024-01-06 02:00:00,Medium,Software,Pending,L1,16,2024-01-06 18:00:00
1123,2024-01-06 03:00:00,High,Software,Resolved,L2,22,2024-01-07 01:00:00
1124,2024-01-06 04:00:00,High,Access,Resolved,L1,4,2024-01-06 08:00:00
1125,2024-01-06 05:00:00,Low,Network,Resolved,L1,52,2024-01-08 09:00:00
1126,2024-01-06 06:00:00,High,Network,Resolved,L3,16,2024-01-06 22:00:00
1127,2024-01-06 07:00:00,Low,Software,Resolved,L3,32,2024-01-07 15:00:00
1128,2024-01-06 08:00:00,High,Network,Resolved,L2,21,2024-01-07 05:00:00
1129,2024-01-06 09:00:00,Medium,Software,Pending,L2,31,2024-01-07 16:00:00
1130,2024-01-06 10:00:00,High,Access,Resolved,L3,21,2024-01-07 07:00:00
1131,2024-01-06 11:00:00,Low,Access,Resolved,L3,33,2024-01-07 20:00:00
1132,2024-01-06 12:00:00,Low,Hardware,Resolved,L1,15,2024-01-07 03:00:00
1133,2024-01-06 13:00:00,Medium,Access,Pending,L3,24,2024-01-07 13:00:00
1134,2024-01-06 14:00:00,High,Software,Resolved,L2,23,2024-01-07 13:00:00
1135,2024-01-06 15:00:00,High,Access,Pending,L1,10,2024-01-07 01:00:00
1136,2024-01-06 16:00:00,Medium,Hardware,Resolved,L2,61,2024-01-09 05:00:00
1137,2024-01-06 17:00:00,High,Network,Pending,L1,2,2024-01-06 19:00:00
1138,2024-01-06 18:00:00,High,Software,Resolved,L3,9,2024-01-07 03:00:00
1139,2024-01-06 19:00:00,Low,Network,Pending,L2,63,2024-01-09 10:00:00
1140,2024-01-06 20:00:00,High,Hardware,Resolved,L1,11,2024-01-07 07:00:00
1141,2024-01-06 21:00:00,High,Hardware,Pending,L1,10,2024-01-07 07:00:00
1142,2024-01-06 22:00:00,Medium,Hardware,Resolved,L3,65,2024-01-09 15:00:00
1143,2024-01-06 23:00:00,Medium,Network,Resolved,L3,47,2024-01-08 22:00:00
1144,2024-01-07 00:00:00,Low,Network,Resolved,L3,44,2024-01-08 20:00:00
1145,2024-01-07 01:00:00,High,Network,Resolved,L2,16,2024-01-07 17:00:00
1146,2024-01-07 02:00:00,High,Network,Resolved,L1,20,2024-01-07 22:00:00
1147,2024-01-07 03:00:00,High,Hardware,Resolved,L3,15,2024-01-07 18:00:00
1148,2024-01-07 04:00:00,Low,Hardware,Resolved,L2,28,2024-01-08 08:00:00
1149,2024-01-07 05:00:00,Low,Software,Resolved,L2,35,2024-01-08 16:00:00
1150,2024-01-07 06:00:00,Medium,Software,Pending,L2,69,2024-01-10 03:00:00
1151,2024-01-07 07:00:00,Low,Network,Resolved,L3,19,2024-01-08 02:00:00
1152,2024-01-07 08:00:00,High,Access,Pending,L3,1,2024-01-07 09:00:00
1153,2024-01-07 09:00:00,High,Access,Resolved,L1,19,2024-01-08 04:00:00
1154,2024-01-07 10:00:00,Low,Hardware,Resolved,L1,56,2024-01-09 18:00:00
1155,2024-01-07 11:00:00,High,Hardware,Resolved,L3,17,2024-01-08 04:00:00
1156,2024-01-07 12:00:00,High,Hardware,Resolved,L2,9,2024-01-07 21:00:00
1157,2024-01-07 13:00:00,Low,Software,Resolved,L2,19,2024-01-08 08:00:00
1158,2024-01-07 14:00:00,Low,Software,Resolved,L2,19,2024-01-08 09:00:00
1159,2024-01-07 15:00:00,High,Hardware,Resolved,L1,15,2024-01-08 06:00:00
1160,2024-01-07 16:00:00,High,Hardware,Resolved,L2,7,2024-01-07 23:00:00
1161,2024-01-07 17:00:00,High,Hardware,Pending,L1,6,2024-01-07 23:00:00
1162,2024-01-07 18:00:00,Medium,Access,Pending,L1,70,2024-01-10 16:00:00
1163,2024-01-07 19:00:00,Medium,Software,Resolved,L2,24,2024-01-08 19:00:00
1164,2024-01-07 20:00:00,Medium,Access,Resolved,L2,50,2024-01-09 22:00:00
1165,2024-01-07 21:00:00,Low,Access,Resolved,L3,48,2024-01-09 21:00:00
1166,2024-01-07 22:00:00,Medium,Hardware,Resolved,L3,60,2024-01-10 10:00:00
1167,2024-01-07 23:00:00,Low,Hardware,Resolved,L2,39,2024-01-09 14:00:00
1168,2024-01-08 00:00:00,Low,Network,Resolved,L1,36,2024-01-09 12:00:00
1169,2024-01-08 01:00:00,Medium,Network,Resolved,L1,27,2024-01-09 04:00:00
1170,2024-01-08 02:00:00,Medium,Access,Pending,L1,66,2024-01-10 20:00:00
1171,2024-01-08 03:00:00,Medium,Software,Resolved,L1,13,2024-01-08 16:00:00
1172,2024-01-08 04:00:00,High,Hardware,Resolved,L1,6,2024-01-08 10:00:00
1173,2024-01-08 05:00:00,Medium,Hardware,Resolved,L3,29,2024-01-09 10:00:00
1174,2024-01-08 06:00:00,High,Access,Resolved,L2,20,2024-01-09 02:00:00
1175,2024-01-08 07:00:00,Low,Network,Resolved,L3,41,2024-01-10 00:00:00
1176,2024-01-08 08:00:00,High,Software,Pending,L1,3,2024-01-08 11:00:00
1177,2024-01-08 09:00:00,Medium,Network,Resolved,L1,24,2024-01-09 09:00:00
1178,2024-01-08 10:00:00,Low,Network,Pending,L1,43,2024-01-10 05:00:00
1179,2024-01-08 11:00:00,Low,Network,Resolved,L1,61,2024-01-11 00:00:00
1180,2024-01-08 12:00:00,Low,Network,Resolved,L2,40,2024-01-10 04:00:00
1181,2024-01-08 13:00:00,High,Hardware,Resolved,L1,15,2024-01-09 04:00:00
1182,2024-01-08 14:00:00,Medium,Hardware,Resolved,L2,41,2024-01-10 07:00:00
1183,2024-01-08 15:00:00,Low,Network,Pending,L1,29,2024-01-09 20:00:00
1184,2024-01-08 16:00:00,Low,Software,Pending,L2,24,2024-01-09 16:00:00
1185,2024-01-08 17:00:00,Low,Access,Resolved,L3,54,2024-01-10 23:00:00
1186,2024-01-08 18:00:00,High,Software,Resolved,L1,3,2024-01-08 21:00:00
1187,2024-01-08 19:00:00,High,Software,Resolved,L2,15,2024-01-09 10:00:00
1188,2024-01-08 20:00:00,Medium,Software,Pending,L3,32,2024-01-10 04:00:00
1189,2024-01-08 21:00:00,High,Network,Resolved,L1,4,2024-01-09 01:00:00
1190,2024-01-08 22:00:00,Low,Hardware,Resolved,L1,66,2024-01-11 16:00:00
1191,2024-01-08 23:00:00,Medium,Software,Resolved,L1,28,2024-01-10 03:00:00
1192,2024-01-09 00:00:00,Low,Network,Resolved,L2,51,2024-01-11 03:00:00
1193,2024-01-09 01:00:00,Low,Software,Resolved,L2,30,2024-01-10 07:00:00
1194,2024-01-09 02:00:00,High,Software,Resolved,L3,20,2024-01-09 22:00:00
1195,2024-01-09 03:00:00,Medium,Network,Pending,L2,26,2024-01-10 05:00:00
1196,2024-01-09 04:00:00,High,Hardware,Resolved,L2,8,2024-01-09 12:00:00
1197,2024-01-09 05:00:00,High,Hardware,Resolved,L1,14,2024-01-09 19:00:00
1198,2024-01-09 06:00:00,Medium,Access,Pending,L1,21,2024-01-10 03:00:00
1199,2024-01-09 07:00:00,Low,Network,Resolved,L1,55,2024-01-11 14:00:00
1200,2024-01-09 08:00:00,Low,Access,Pending,L1,42,2024-01-11 02:00:00
1201,2024-01-09 09:00:00,Medium,Access,Resolved,L1,64,2024-01-12 01:00:00
1202,2024-01-09 10:00:00,Low,Access,Resolved,L1,34,2024-01-10 20:00:00
1203,2024-01-09 11:00:00,Medium,Hardware,Pending,L1,63,2024-01-12 02:00:00
1204,2024-01-09 12:00:00,Medium,Network,Resolved,L3,41,2024-01-11 05:00:00
1205,2024-01-09 13:00:00,High,Access,Resolved,L3,1,2024-01-09 14:00:00
1206,2024-01-09 14:00:00,Medium,Network,Resolved,L3,68,2024-01-12 10:00:00
1207,2024-01-09 15:00:00,High,Network,Resolved,L3,8,2024-01-09 23:00:00
1208,2024-01-09 16:00:00,Low,Hardware,Resolved,L1,20,2024-01-10 12:00:00
1209,2024-01-09 17:00:00,Low,Access,Resolved,L3,65,2024-01-12 10:00:00
1210,2024-01-09 18:00:00,Low,Access,Pending,L1,58,2024-01-12 04:00:00
1211,2024-01-09 19:00:00,Low,Network,Resolved,L3,12,2024-01-10 07:00:00
1212,2024-01-09 20:00:00,High,Software,Resolved,L2,16,2024-01-10 12:00:00
1213,2024-01-09 21:00:00,Low,Hardware,Resolved,L3,46,2024-01-11 19:00:00
1214,2024-01-09 22:00:00,Medium,Hardware,Resolved,L3,22,2024-01-10 20:00:00
1215,2024-01-09 23:00:00,Medium,Hardware,Resolved,L1,45,2024-01-11 20:00:00
1216,2024-01-10 00:00:00,Medium,Hardware,Pending,L3,27,2024-01-11 03:00:00
1217,2024-01-10 01:00:00,High,Access,Resolved,L2,3,2024-01-10 04:00:00
1218,2024-01-10 02:00:00,Low,Access,Resolved,L1,43,2024-01-11 21:00:00
1219,2024-01-10 03:00:00,Low,Software,Resolved,L1,26,2024-01-11 05:00:00
1220,2024-01-10 04:00:00,Low,Hardware,Resolved,L3,23,2024-01-11 03:00:00
1221,2024-01-10 05:00:00,High,Hardware,Resolved,L1,11,2024-01-10 16:00:00
1222,2024-01-10 06:00:00,Medium,Network,Resolved,L1,56,2024-01-12 14:00:00
1223,2024-01-10 07:00:00,Medium,Access,Pending,L1,25,2024-01-11 08:00:00
1224,2024-01-10 08:00:00,Low,Hardware,Resolved,L1,68,2024-01-13 04:00:00
1225,2024-01-10 09:00:00,Medium,Software,Resolved,L1,68,2024-01-13 05:00:00
1226,2024-01-10 10:00:00,Medium,Software,Resolved,L1,19,2024-01-11 05:00:00
1227,2024-01-10 11:00:00,High,Access,Resolved,L2,2,2024-01-10 13:00:00
1228,2024-01-10 12:00:00,High,Software,Resolved,L3,22,2024-01-11 10:00:00
1229,2024-01-10 13:00:00,High,Software,Resolved,L2,19,2024-01-11 08:00:00
1230,2024-01-10 14:00:00,High,Access,Resolved,L1,5,2024-01-10 19:00:00
1231,2024-01-10 15:00:00,Low,Hardware,Resolved,L1,54,2024-01-12 21:00:00
1232,2024-01-10 16:00:00,High,Hardware,Resolved,L3,7,2024-01-10 23:00:00
1233,2024-01-10 17:00:00,Medium,Software,Resolved,L2,53,2024-01-12 22:00:00
1234,2024-01-10 18:00:00,Low,Software,Pending,L3,62,2024-01-13 08:00:00
1235,2024-01-10 19:00:00,Medium,Hardware,Pending,L2,22,2024-01-11 17:00:00
1236,2024-01-10 20:00:00,Medium,Access,Resolved,L1,50,2024-01-12 22:00:00
1237,2024-01-10 21:00:00,Medium,Software,Pending,L3,54,2024-01-13 03:00:00
1238,2024-01-10 22:00:00,High,Network,Resolved,L3,23,2024-01-11 21:00:00
1239,2024-01-10 23:00:00,High,Access,Resolved,L1,19,2024-01-11 18:00:00
1240,2024-01-11 00:00:00,Low,Software,Resolved,L3,44,2024-01-12 20:00:00
1241,2024-01-11 01:00:00,Low,Software,Resolved,L2,43,2024-01-12 20:00:00
1242,2024-01-11 02:00:00,High,Network,Resolved,L2,20,2024-01-11 22:00:00
1243,2024-01-11 03:00:00,Medium,Network,Pending,L2,40,2024-01-12 19:00:00
1244,2024-01-11 04:00:00,Low,Hardware,Resolved,L2,32,2024-01-12 12:00:00
1245,2024-01-11 05:00:00,High,Access,Resolved,L1,1,2024-01-11 06:00:00
1246,2024-01-11 06:00:00,High,Access,Resolved,L3,17,2024-01-11 23:00:00
1247,2024-01-11 07:00:00,High,Hardware,Pending,L2,12,2024-01-11 19:00:00
1248,2024-01-11 08:00:00,Medium,Access,Resolved,L1,67,2024-01-14 03:00:00
1249,2024-01-11 09:00:00,High,Access,Resolved,L3,11,2024-01-11 20:00:00
1250,2024-01-11 10:00:00,High,Access,Resolved,L3,5,2024-01-11 15:00:00
1251,2024-01-11 11:00:00,High,Access,Resolved,L1,12,2024-01-11 23:00:00
1252,2024-01-11 12:00:00,High,Access,Pending,L1,17,2024-01-12 05:00:00
1253,2024-01-11 13:00:00,Low,Network,Pending,L2,48,2024-01-13 13:00:00
1254,2024-01-11 14:00:00,Low,Access,Resolved,L3,56,2024-01-13 22:00:00
1255,2024-01-11 15:00:00,High,Network,Pending,L3,5,2024-01-11 20:00:00
1256,2024-01-11 16:00:00,Medium,Access,Resolved,L1,65,2024-01-14 09:00:00
1257,2024-01-11 17:00:00,Low,Hardware,Pending,L3,19,2024-01-12 12:00:00
1258,2024-01-11 18:00:00,High,Software,Resolved,L2,22,2024-01-12 16:00:00
1259,2024-01-11 19:00:00,Low,Network,Resolved,L3,60,2024-01-14 07:00:00
1260,2024-01-11 20:00:00,Low,Access,Resolved,L1,46,2024-01-13 18:00:00
1261,2024-01-11 21:00:00,Medium,Hardware,Resolved,L1,62,2024-01-14 11:00:00
1262,2024-01-11 22:00:00,High,Software,Resolved,L2,9,2024-01-12 07:00:00
1263,2024-01-11 23:00:00,High,Network,Resolved,L2,19,2024-01-12 18:00:00
1264,2024-01-12 00:00:00,Medium,Software,Resolved,L3,60,2024-01-14 12:00:00
1265,2024-01-12 01:00:00,Medium,Hardware,Resolved,L3,32,2024-01-13 09:00:00
1266,2024-01-12 02:00:00,High,Network,Resolved,L1,2,2024-01-12 04:00:00
1267,2024-01-12 03:00:00,High,Software,Resolved,L2,15,2024-01-12 18:00:00
1268,2024-01-12 04:00:00,Medium,Access,Pending,L2,51,2024-01-14 07:00:00
1269,2024-01-12 05:00:00,Low,Network,Resolved,L2,30,2024-01-13 11:00:00
1270,2024-01-12 06:00:00,Low,Software,Resolved,L3,50,2024-01-14 08:00:00
1271,2024-01-12 07:00:00,Medium,Hardware,Resolved,L2,39,2024-01-13 22:00:00
1272,2024-01-12 08:00:00,Low,Hardware,Pending,L1,70,2024-01-15 06:00:00
1273,2024-01-12 09:00:00,Medium,Network,Resolved,L1,28,2024-01-13 13:00:00
1274,2024-01-12 10:00:00,Low,Software,Resolved,L3,17,2024-01-13 03:00:00
1275,2024-01-12 11:00:00,Low,Network,Pending,L3,30,2024-01-13 17:00:00
1276,2024-01-12 12:00:00,High,Network,Pending,L2,23,2024-01-13 11:00:00
1277,2024-01-12 13:00:00,High,Software,Resolved,L3,14,2024-01-13 03:00:00
1278,2024-01-12 14:00:00,Low,Software,Resolved,L1,39,2024-01-14 05:00:00
1279,2024-01-12 15:00:00,Low,Access,Resolved,L2,13,2024-01-13 04:00:00
1280,2024-01-12 16:00:00,High,Software,Pending,L1,22,2024-01-13 14:00:00
1281,2024-01-12 17:00:00,High,Hardware,Resolved,L2,20,2024-01-13 13:00:00
1282,2024-01-12 18:00:00,High,Network,Resolved,L3,18,2024-01-13 12:00:00
1283,2024-01-12 19:00:00,Medium,Network,Pending,L2,62,2024-01-15 09:00:00
1284,2024-01-12 20:00:00,Low,Hardware,Resolved,L2,63,2024-01-15 11:00:00
1285,2024-01-12 21:00:00,High,Software,Resolved,L1,8,2024-01-13 05:00:00
1286,2024-01-12 22:00:00,Low,Hardware,Resolved,L1,33,2024-01-14 07:00:00
1287,2024-01-12 23:00:00,Medium,Hardware,Resolved,L2,37,2024-01-14 12:00:00
1288,2024-01-13 00:00:00,Medium,Access,Resolved,L3,60,2024-01-15 12:00:00
1289,2024-01-13 01:00:00,High,Hardware,Resolved,L3,6,2024-01-13 07:00:00
1290,2024-01-13 02:00:00,Medium,Network,Resolved,L1,47,2024-01-15 01:00:00
1291,2024-01-13 03:00:00,Low,Hardware,Resolved,L3,69,2024-01-16 00:00:00
1292,2024-01-13 04:00:00,High,Network,Pending,L1,5,2024-01-13 09:00:00
1293,2024-01-13 05:00:00,Low,Network,Resolved,L3,63,2024-01-15 20:00:00
1294,2024-01-13 06:00:00,Low,Network,Pending,L2,69,2024-01-16 03:00:00
1295,2024-01-13 07:00:00,Medium,Software,Resolved,L1,43,2024-01-15 02:00:00
1296,2024-01-13 08:00:00,Medium,Access,Pending,L1,28,2024-01-14 12:00:00
1297,2024-01-13 09:00:00,Medium,Network,Resolved,L2,52,2024-01-15 13:00:00
1298,2024-01-13 10:00:00,Medium,Network,Resolved,L1,47,2024-01-15 09:00:00
1299,2024-01-13 11:00:00,Medium,Software,Resolved,L3,66,2024-01-16 05:00:00
1300,2024-01-13 12:00:00,High,Network,Pending,L3,3,2024-01-13 15:00:00
1301,2024-01-13 13:00:00,Low,Hardware,Resolved,L1,57,2024-01-15 22:00:00
1302,2024-01-13 14:00:00,Low,Hardware,Resolved,L3,30,2024-01-14 20:00:00
1303,2024-01-13 15:00:00,Low,Access,Resolved,L1,69,2024-01-16 12:00:00
1304,2024-01-13 16:00:00,Low,Network,Pending,L2,71,2024-01-16 15:00:00
1305,2024-01-13 17:00:00,Medium,Software,Resolved,L1,46,2024-01-15 15:00:00
1306,2024-01-13 18:00:00,Low,Hardware,Resolved,L2,57,2024-01-16 03:00:00
1307,2024-01-13 19:00:00,High,Software,Resolved,L3,6,2024-01-14 01:00:00
1308,2024-01-13 20:00:00,High,Software,Pending,L2,22,2024-01-14 18:00:00
1309,2024-01-13 21:00:00,Low,Hardware,Resolved,L3,70,2024-01-16 19:00:00
1310,2024-01-13 22:00:00,Low,Software,Resolved,L1,39,2024-01-15 13:00:00
1311,2024-01-13 23:00:00,High,Hardware,Resolved,L3,7,2024-01-14 06:00:00
1312,2024-01-14 00:00:00,High,Software,Resolved,L1,15,2024-01-14 15:00:00
1313,2024-01-14 01:00:00,Medium,Hardware,Resolved,L1,29,2024-01-15 06:00:00
1314,2024-01-14 02:00:00,High,Network,Resolved,L2,20,2024-01-14 22:00:00
1315,2024-01-14 03:00:00,Medium,Access,Resolved,L2,51,2024-01-16 06:00:00
1316,2024-01-14 04:00:00,Medium,Hardware,Resolved,L2,44,2024-01-16 00:00:00
1317,2024-01-14 05:00:00,Medium,Hardware,Resolved,L2,23,2024-01-15 04:00:00
1318,2024-01-14 06:00:00,Medium,Access,Resolved,L3,19,2024-01-15 01:00:00
1319,2024-01-14 07:00:00,Medium,Hardware,Resolved,L3,35,2024-01-15 18:00:00
1320,2024-01-14 08:00:00,Low,Hardware,Resolved,L3,27,2024-01-15 11:00:00
1321,2024-01-14 09:00:00,High,Software,Resolved,L1,3,2024-01-14 12:00:00
1322,2024-01-14 10:00:00,Medium,Access,Resolved,L3,15,2024-01-15 01:00:00
1323,2024-01-14 11:00:00,High,Network,Resolved,L3,2,2024-01-14 13:00:00
1324,2024-01-14 12:00:00,High,Hardware,Resolved,L3,21,2024-01-15 09:00:00
1325,2024-01-14 13:00:00,Medium,Access,Resolved,L2,38,2024-01-16 03:00:00
1326,2024-01-14 14:00:00,Low,Software,Resolved,L3,20,2024-01-15 10:00:00
1327,2024-01-14 15:00:00,Medium,Network,Pending,L1,58,2024-01-17 01:00:00
1328,2024-01-14 16:00:00,Low,Access,Resolved,L2,27,2024-01-15 19:00:00
1329,2024-01-14 17:00:00,High,Network,Resolved,L1,15,2024-01-15 08:00:00
1330,2024-01-14 18:00:00,Low,Network,Resolved,L3,23,2024-01-15 17:00:00
1331,2024-01-14 19:00:00,Low,Network,Resolved,L2,42,2024-01-16 13:00:00
1332,2024-01-14 20:00:00,Low,Hardware,Resolved,L1,35,2024-01-16 07:00:00
1333,2024-01-14 21:00:00,High,Hardware,Resolved,L3,16,2024-01-15 13:00:00
1334,2024-01-14 22:00:00,High,Software,Resolved,L1,6,2024-01-15 04:00:00
1335,2024-01-14 23:00:00,Low,Software,Resolved,L1,56,2024-01-17 07:00:00
1336,2024-01-15 00:00:00,Low,Access,Resolved,L1,36,2024-01-16 12:00:00
1337,2024-01-15 01:00:00,Medium,Software,Resolved,L3,45,2024-01-16 22:00:00
1338,2024-01-15 02:00:00,Low,Network,Pending,L3,14,2024-01-15 16:00:00
1339,2024-01-15 03:00:00,Medium,Network,Resolved,L1,69,2024-01-18 00:00:00
1340,2024-01-15 04:00:00,Low,Hardware,Pending,L2,35,2024-01-16 15:00:00
1341,2024-01-15 05:00:00,Medium,Network,Resolved,L2,65,2024-01-17 22:00:00
1342,2024-01-15 06:00:00,High,Access,Resolved,L3,21,2024-01-16 03:00:00
1343,2024-01-15 07:00:00,Low,Network,Resolved,L3,20,2024-01-16 03:00:00
1344,2024-01-15 08:00:00,Low,Network,Resolved,L3,37,2024-01-16 21:00:00
1345,2024-01-15 09:00:00,Low,Access,Pending,L3,31,2024-01-16 16:00:00
1346,2024-01-15 10:00:00,Low,Software,Resolved,L3,51,2024-01-17 13:00:00
1347,2024-01-15 11:00:00,Medium,Software,Pending,L2,21,2024-01-16 08:00:00
1348,2024-01-15 12:00:00,Low,Access,Resolved,L3,30,2024-01-16 18:00:00
1349,2024-01-15 13:00:00,High,Hardware,Pending,L1,4,2024-01-15 17:00:00
1350,2024-01-15 14:00:00,High,Network,Resolved,L1,2,2024-01-15 16:00:00
1351,2024-01-15 15:00:00,Low,Access,Resolved,L2,16,2024-01-16 07:00:00
1352,2024-01-15 16:00:00,High,Network,Resolved,L1,1,2024-01-15 17:00:00
1353,2024-01-15 17:00:00,Low,Hardware,Resolved,L2,69,2024-01-18 14:00:00
1354,2024-01-15 18:00:00,Low,Network,Resolved,L2,38,2024-01-17 08:00:00
1355,2024-01-15 19:00:00,High,Access,Resolved,L1,4,2024-01-15 23:00:00
1356,2024-01-15 20:00:00,Low,Network,Pending,L3,60,2024-01-18 08:00:00
1357,2024-01-15 21:00:00,High,Software,Resolved,L1,17,2024-01-16 14:00:00
1358,2024-01-15 22:00:00,Medium,Hardware,Resolved,L1,46,2024-01-17 20:00:00
1359,2024-01-15 23:00:00,Low,Hardware,Resolved,L2,23,2024-01-16 22:00:00
1360,2024-01-16 00:00:00,Medium,Hardware,Resolved,L1,52,2024-01-18 04:00:00
1361,2024-01-16 01:00:00,High,Access,Resolved,L2,1,2024-01-16 02:00:00
1362,2024-01-16 02:00:00,Medium,Hardware,Resolved,L3,55,2024-01-18 09:00:00
1363,2024-01-16 03:00:00,Medium,Software,Resolved,L3,37,2024-01-17 16:00:00
1364,2024-01-16 04:00:00,High,Access,Resolved,L3,9,2024-01-16 13:00:00
1365,2024-01-16 05:00:00,Medium,Software,Resolved,L1,45,2024-01-18 02:00:00
1366,2024-01-16 06:00:00,Medium,Network,Resolved,L2,34,2024-01-17 16:00:00
1367,2024-01-16 07:00:00,High,Network,Resolved,L3,10,2024-01-16 17:00:00
1368,2024-01-16 08:00:00,Medium,Network,Resolved,L2,61,2024-01-18 21:00:00
1369,2024-01-16 09:00:00,High,Network,Resolved,L2,16,2024-01-17 01:00:00
1370,2024-01-16 10:00:00,Medium,Software,Resolved,L3,23,2024-01-17 09:00:00
1371,2024-01-16 11:00:00,High,Access,Resolved,L3,17,2024-01-17 04:00:00
1372,2024-01-16 12:00:00,High,Access,Pending,L2,10,2024-01-16 22:00:00
1373,2024-01-16 13:00:00,Medium,Hardware,Resolved,L3,34,2024-01-17 23:00:00
1374,2024-01-16 14:00:00,Medium,Software,Pending,L2,59,2024-01-19 01:00:00
1375,2024-01-16 15:00:00,Medium,Network,Resolved,L2,66,2024-01-19 09:00:00
1376,2024-01-16 16:00:00,Low,Software,Resolved,L3,59,2024-01-19 03:00:00
1377,2024-01-16 17:00:00,Low,Hardware,Resolved,L1,12,2024-01-17 05:00:00
1378,2024-01-16 18:00:00,Low,Hardware,Pending,L3,65,2024-01-19 11:00:00
1379,2024-01-16 19:00:00,High,Software,Resolved,L1,15,2024-01-17 10:00:00
1380,2024-01-16 20:00:00,Medium,Software,Pending,L2,13,2024-01-17 09:00:00
1381,2024-01-16 21:00:00,High,Software,Pending,L2,4,2024-01-17 01:00:00
1382,2024-01-16 22:00:00,Low,Access,Resolved,L1,14,2024-01-17 12:00:00
1383,2024-01-16 23:00:00,Medium,Network,Resolved,L2,69,2024-01-19 20:00:00
1384,2024-01-17 00:00:00,High,Software,Resolved,L1,17,2024-01-17 17:00:00
1385,2024-01-17 01:00:00,Medium,Software,Resolved,L1,36,2024-01-18 13:00:00
1386,2024-01-17 02:00:00,High,Software,Pending,L2,9,2024-01-17 11:00:00
1387,2024-01-17 03:00:00,Medium,Hardware,Pending,L1,60,2024-01-19 15:00:00
1388,2024-01-17 04:00:00,Low,Hardware,Resolved,L3,63,2024-01-19 19:00:00
1389,2024-01-17 05:00:00,Low,Access,Resolved,L3,33,2024-01-18 14:00:00
1390,2024-01-17 06:00:00,Medium,Network,Resolved,L2,32,2024-01-18 14:00:00
1391,2024-01-17 07:00:00,High,Access,Resolved,L2,8,2024-01-17 15:00:00
1392,2024-01-17 08:00:00,Low,Network,Pending,L1,63,2024-01-19 23:00:00
1393,2024-01-17 09:00:00,Low,Hardware,Resolved,L1,49,2024-01-19 10:00:00
1394,2024-01-17 10:00:00,Low,Hardware,Resolved,L1,26,2024-01-18 12:00:00
1395,2024-01-17 11:00:00,Medium,Hardware,Resolved,L1,69,2024-01-20 08:00:00
1396,2024-01-17 12:00:00,Medium,Access,Resolved,L3,69,2024-01-20 09:00:00
1397,2024-01-17 13:00:00,High,Software,Resolved,L3,20,2024-01-18 09:00:00
1398,2024-01-17 14:00:00,High,Software,Resolved,L2,15,2024-01-18 05:00:00
1399,2024-01-17 15:00:00,High,Hardware,Resolved,L1,1,2024-01-17 16:00:00
1400,2024-01-17 16:00:00,Medium,Software,Resolved,L1,57,2024-01-20 01:00:00
1401,2024-01-17 17:00:00,Medium,Software,Pending,L2,36,2024-01-19 05:00:00
1402,2024-01-17 18:00:00,High,Access,Resolved,L1,11,2024-01-18 05:00:00
1403,2024-01-17 19:00:00,High,Network,Resolved,L1,16,2024-01-18 11:00:00
1404,2024-01-17 20:00:00,Medium,Hardware,Resolved,L1,68,2024-01-20 16:00:00
1405,2024-01-17 21:00:00,High,Hardware,Resolved,L1,8,2024-01-18 05:00:00
1406,2024-01-17 22:00:00,Low,Access,Resolved,L1,16,2024-01-18 14:00:00
1407,2024-01-17 23:00:00,Medium,Access,Resolved,L2,17,2024-01-18 16:00:00
1408,2024-01-18 00:00:00,High,Software,Resolved,L1,3,2024-01-18 03:00:00
1409,2024-01-18 01:00:00,Medium,Hardware,Resolved,L2,54,2024-01-20 07:00:00
1410,2024-01-18 02:00:00,Low,Network,Resolved,L1,59,2024-01-20 13:00:00
1411,2024-01-18 03:00:00,Medium,Access,Resolved,L3,55,2024-01-20 10:00:00
1412,2024-01-18 04:00:00,Medium,Network,Pending,L3,58,2024-01-20 14:00:00
1413,2024-01-18 05:00:00,Medium,Network,Resolved,L3,34,2024-01-19 15:00:00
1414,2024-01-18 06:00:00,Medium,Hardware,Resolved,L3,15,2024-01-18 21:00:00
1415,2024-01-18 07:00:00,Low,Hardware,Resolved,L2,38,2024-01-19 21:00:00
1416,2024-01-18 08:00:00,Medium,Access,Resolved,L2,29,2024-01-19 13:00:00
1417,2024-01-18 09:00:00,Medium,Hardware,Resolved,L1,32,2024-01-19 17:00:00
1418,2024-01-18 10:00:00,High,Hardware,Resolved,L3,19,2024-01-19 05:00:00
1419,2024-01-18 11:00:00,Medium,Hardware,Pending,L2,46,2024-01-20 09:00:00
1420,2024-01-18 12:00:00,High,Network,Resolved,L1,13,2024-01-19 01:00:00
1421,2024-01-18 13:00:00,Low,Access,Resolved,L1,51,2024-01-20 16:00:00
1422,2024-01-18 14:00:00,Low,Software,Resolved,L2,34,2024-01-20 00:00:00
1423,2024-01-18 15:00:00,Low,Network,Resolved,L3,14,2024-01-19 05:00:00
1424,2024-01-18 16:00:00,Low,Hardware,Resolved,L1,51,2024-01-20 19:00:00
1425,2024-01-18 17:00:00,High,Network,Resolved,L3,1,2024-01-18 18:00:00
1426,2024-01-18 18:00:00,Medium,Hardware,Resolved,L3,21,2024-01-19 15:00:00
1427,2024-01-18 19:00:00,Low,Hardware,Pending,L3,36,2024-01-20 07:00:00
1428,2024-01-18 20:00:00,Medium,Network,Resolved,L1,63,2024-01-21 11:00:00
1429,2024-01-18 21:00:00,High,Access,Resolved,L3,19,2024-01-19 16:00:00
1430,2024-01-18 22:00:00,High,Hardware,Resolved,L1,14,2024-01-19 12:00:00
1431,2024-01-18 23:00:00,High,Access,Resolved,L3,10,2024-01-19 09:00:00
1432,2024-01-19 00:00:00,Low,Software,Resolved,L1,22,2024-01-19 22:00:00
1433,2024-01-19 01:00:00,Medium,Hardware,Resolved,L3,16,2024-01-19 17:00:00
1434,2024-01-19 02:00:00,Medium,Access,Resolved,L2,69,2024-01-21 23:00:00
1435,2024-01-19 03:00:00,Medium,Access,Pending,L3,56,2024-01-21 11:00:00
1436,2024-01-19 04:00:00,High,Software,Resolved,L3,7,2024-01-19 11:00:00
1437,2024-01-19 05:00:00,Low,Access,Resolved,L1,66,2024-01-21 23:00:00
1438,2024-01-19 06:00:00,High,Access,Pending,L1,1,2024-01-19 07:00:00
1439,2024-01-19 07:00:00,High,Software,Resolved,L3,22,2024-01-20 05:00:00
1440,2024-01-19 08:00:00,Medium,Hardware,Resolved,L2,70,2024-01-22 06:00:00
1441,2024-01-19 09:00:00,High,Access,Resolved,L2,9,2024-01-19 18:00:00
1442,2024-01-19 10:00:00,Medium,Access,Resolved,L1,49,2024-01-21 11:00:00
1443,2024-01-19 11:00:00,Low,Access,Resolved,L2,40,2024-01-21 03:00:00
1444,2024-01-19 12:00:00,Medium,Network,Pending,L3,16,2024-01-20 04:00:00
1445,2024-01-19 13:00:00,Low,Software,Resolved,L1,20,2024-01-20 09:00:00
1446,2024-01-19 14:00:00,Medium,Network,Resolved,L3,70,2024-01-22 12:00:00
1447,2024-01-19 15:00:00,High,Software,Resolved,L1,8,2024-01-19 23:00:00
1448,2024-01-19 16:00:00,High,Hardware,Resolved,L1,4,2024-01-19 20:00:00
1449,2024-01-19 17:00:00,Low,Hardware,Resolved,L1,12,2024-01-20 05:00:00
1450,2024-01-19 18:00:00,Low,Access,Resolved,L1,51,2024-01-21 21:00:00
1451,2024-01-19 19:00:00,Low,Software,Pending,L2,71,2024-01-22 18:00:00
1452,2024-01-19 20:00:00,Medium,Hardware,Resolved,L3,62,2024-01-22 10:00:00
1453,2024-01-19 21:00:00,Medium,Software,Resolved,L3,41,2024-01-21 14:00:00
1454,2024-01-19 22:00:00,Low,Hardware,Resolved,L3,22,2024-01-20 20:00:00
1455,2024-01-19 23:00:00,High,Network,Resolved,L1,22,2024-01-20 21:00:00
1456,2024-01-20 00:00:00,Medium,Hardware,Resolved,L2,55,2024-01-22 07:00:00
1457,2024-01-20 01:00:00,Medium,Network,Resolved,L3,23,2024-01-21 00:00:00
1458,2024-01-20 02:00:00,Medium,Hardware,Resolved,L2,50,2024-01-22 04:00:00
1459,2024-01-20 03:00:00,Low,Access,Resolved,L1,37,2024-01-21 16:00:00
1460,2024-01-20 04:00:00,Low,Network,Resolved,L3,24,2024-01-21 04:00:00
1461,2024-01-20 05:00:00,Low,Hardware,Resolved,L2,70,2024-01-23 03:00:00
1462,2024-01-20 06:00:00,Low,Access,Pending,L1,19,2024-01-21 01:00:00
1463,2024-01-20 07:00:00,Low,Network,Resolved,L2,65,2024-01-23 00:00:00
1464,2024-01-20 08:00:00,High,Access,Resolved,L3,15,2024-01-20 23:00:00
1465,2024-01-20 09:00:00,High,Software,Resolved,L3,1,2024-01-20 10:00:00
1466,2024-01-20 10:00:00,Low,Software,Pending,L1,41,2024-01-22 03:00:00
1467,2024-01-20 11:00:00,Medium,Network,Pending,L1,20,2024-01-21 07:00:00
1468,2024-01-20 12:00:00,Low,Hardware,Resolved,L1,50,2024-01-22 14:00:00
1469,2024-01-20 13:00:00,High,Network,Pending,L2,6,2024-01-20 19:00:00
1470,2024-01-20 14:00:00,High,Access,Resolved,L2,18,2024-01-21 08:00:00
1471,2024-01-20 15:00:00,Medium,Hardware,Resolved,L2,32,2024-01-21 23:00:00
1472,2024-01-20 16:00:00,High,Software,Resolved,L1,6,2024-01-20 22:00:00
1473,2024-01-20 17:00:00,Low,Hardware,Resolved,L3,58,2024-01-23 03:00:00
1474,2024-01-20 18:00:00,Medium,Software,Resolved,L3,45,2024-01-22 15:00:00
1475,2024-01-20 19:00:00,Low,Hardware,Pending,L2,66,2024-01-23 13:00:00
1476,2024-01-20 20:00:00,Low,Hardware,Resolved,L2,42,2024-01-22 14:00:00
1477,2024-01-20 21:00:00,Medium,Hardware,Resolved,L3,63,2024-01-23 12:00:00
1478,2024-01-20 22:00:00,Low,Access,Resolved,L3,36,2024-01-22 10:00:00
1479,2024-01-20 23:00:00,High,Access,Resolved,L2,21,2024-01-21 20:00:00
1480,2024-01-21 00:00:00,Low,Network,Resolved,L2,12,2024-01-21 12:00:00
1481,2024-01-21 01:00:00,Medium,Network,Resolved,L3,66,2024-01-23 19:00:00
1482,2024-01-21 02:00:00,Medium,Software,Resolved,L1,33,2024-01-22 11:00:00
1483,2024-01-21 03:00:00,Medium,Access,Pending,L2,51,2024-01-23 06:00:00
1484,2024-01-21 04:00:00,Low,Software,Resolved,L3,48,2024-01-23 04:00:00
1485,2024-01-21 05:00:00,Medium,Network,Resolved,L3,58,2024-01-23 15:00:00
1486,2024-01-21 06:00:00,Medium,Software,Resolved,L3,12,2024-01-21 18:00:00
1487,2024-01-21 07:00:00,Low,Network,Resolved,L3,12,2024-01-21 19:00:00
1488,2024-01-21 08:00:00,High,Access,Resolved,L1,4,2024-01-21 12:00:00
1489,2024-01-21 09:00:00,Low,Hardware,Resolved,L3,53,2024-01-23 14:00:00
1490,2024-01-21 10:00:00,Medium,Access,Pending,L2,65,2024-01-24 03:00:00
1491,2024-01-21 11:00:00,Medium,Software,Resolved,L1,53,2024-01-23 16:00:00
1492,2024-01-21 12:00:00,Low,Software,Pending,L3,32,2024-01-22 20:00:00
1493,2024-01-21 13:00:00,High,Access,Pending,L1,10,2024-01-21 23:00:00
1494,2024-01-21 14:00:00,Medium,Access,Resolved,L2,28,2024-01-22 18:00:00
1495,2024-01-21 15:00:00,Medium,Network,Pending,L3,33,2024-01-23 00:00:00
1496,2024-01-21 16:00:00,Medium,Software,Resolved,L2,49,2024-01-23 17:00:00
1497,2024-01-21 17:00:00,Low,Software,Pending,L3,46,2024-01-23 15:00:00
1498,2024-01-21 18:00:00,Medium,Access,Resolved,L3,56,2024-01-24 02:00:00
1499,2024-01-21 19:00:00,High,Hardware,Pending,L3,14,2024-01-22 09:00:00
1500,2024-01-21 20:00:00,Medium,Software,Pending,L3,19,2024-01-22 15:00:00
1501,2024-01-21 21:00:00,Medium,Hardware,Pending,L3,58,2024-01-24 07:00:00
1502,2024-01-21 22:00:00,High,Access,Resolved,L1,4,2024-01-22 02:00:00
1503,2024-01-21 23:00:00,Medium,Access,Resolved,L3,28,2024-01-23 03:00:00
1504,2024-01-22 00:00:00,Low,Network,Resolved,L3,65,2024-01-24 17:00:00
1505,2024-01-22 01:00:00,Low,Software,Resolved,L1,37,2024-01-23 14:00:00
1506,2024-01-22 02:00:00,Low,Hardware,Resolved,L1,24,2024-01-23 02:00:00
1507,2024-01-22 03:00:00,High,Network,Resolved,L1,7,2024-01-22 10:00:00
1508,2024-01-22 04:00:00,Medium,Software,Resolved,L1,49,2024-01-24 05:00:00
1509,2024-01-22 05:00:00,Low,Network,Pending,L1,28,2024-01-23 09:00:00
1510,2024-01-22 06:00:00,High,Access,Resolved,L1,17,2024-01-22 23:00:00
1511,2024-01-22 07:00:00,Medium,Software,Pending,L3,25,2024-01-23 08:00:00
1512,2024-01-22 08:00:00,High,Network,Resolved,L3,9,2024-01-22 17:00:00
1513,2024-01-22 09:00:00,Low,Network,Pending,L2,17,2024-01-23 02:00:00
1514,2024-01-22 10:00:00,Low,Hardware,Pending,L3,46,2024-01-24 08:00:00
1515,2024-01-22 11:00:00,Low,Network,Resolved,L3,57,2024-01-24 20:00:00
1516,2024-01-22 12:00:00,High,Software,Resolved,L1,3,2024-01-22 15:00:00
1517,2024-01-22 13:00:00,High,Software,Resolved,L1,7,2024-01-22 20:00:00
1518,2024-01-22 14:00:00,Low,Hardware,Resolved,L3,19,2024-01-23 09:00:00
1519,2024-01-22 15:00:00,High,Software,Resolved,L2,9,2024-01-23 00:00:00
1520,2024-01-22 16:00:00,Low,Access,Resolved,L1,65,2024-01-25 09:00:00
1521,2024-01-22 17:00:00,Low,Software,Resolved,L3,38,2024-01-24 07:00:00
1522,2024-01-22 18:00:00,Medium,Software,Resolved,L3,24,2024-01-23 18:00:00
1523,2024-01-22 19:00:00,High,Network,Resolved,L2,23,2024-01-23 18:00:00
1524,2024-01-22 20:00:00,Low,Network,Resolved,L2,42,2024-01-24 14:00:00
1525,2024-01-22 21:00:00,Low,Software,Resolved,L1,64,2024-01-25 13:00:00
1526,2024-01-22 22:00:00,High,Hardware,Pending,L2,23,2024-01-23 21:00:00
1527,2024-01-22 23:00:00,Medium,Network,Resolved,L3,46,2024-01-24 21:00:00
1528,2024-01-23 00:00:00,Medium,Hardware,Pending,L3,71,2024-01-25 23:00:00
1529,2024-01-23 01:00:00,Low,Software,Resolved,L2,17,2024-01-23 18:00:00
1530,2024-01-23 02:00:00,High,Software,Resolved,L2,9,2024-01-23 11:00:00
1531,2024-01-23 03:00:00,Medium,Access,Resolved,L2,33,2024-01-24 12:00:00
1532,2024-01-23 04:00:00,High,Network,Resolved,L2,5,2024-01-23 09:00:00
1533,2024-01-23 05:00:00,High,Software,Resolved,L1,23,2024-01-24 04:00:00
1534,2024-01-23 06:00:00,Low,Access,Resolved,L2,34,2024-01-24 16:00:00
1535,2024-01-23 07:00:00,Medium,Network,Resolved,L1,36,2024-01-24 19:00:00
1536,2024-01-23 08:00:00,Low,Software,Resolved,L3,45,2024-01-25 05:00:00
1537,2024-01-23 09:00:00,Medium,Software,Resolved,L2,37,2024-01-24 22:00:00
1538,2024-01-23 10:00:00,Medium,Network,Resolved,L1,58,2024-01-25 20:00:00
1539,2024-01-23 11:00:00,Medium,Network,Resolved,L2,16,2024-01-24 03:00:00
1540,2024-01-23 12:00:00,Medium,Network,Resolved,L3,37,2024-01-25 01:00:00
1541,2024-01-23 13:00:00,Medium,Software,Resolved,L3,31,2024-01-24 20:00:00
1542,2024-01-23 14:00:00,High,Software,Resolved,L3,23,2024-01-24 13:00:00
1543,2024-01-23 15:00:00,Low,Access,Pending,L2,17,2024-01-24 08:00:00
1544,2024-01-23 16:00:00,High,Hardware,Resolved,L2,21,2024-01-24 13:00:00
1545,2024-01-23 17:00:00,Medium,Network,Resolved,L1,61,2024-01-26 06:00:00
1546,2024-01-23 18:00:00,Low,Software,Pending,L3,29,2024-01-24 23:00:00
1547,2024-01-23 19:00:00,Medium,Software,Resolved,L2,15,2024-01-24 10:00:00
1548,2024-01-23 20:00:00,Low,Network,Resolved,L3,28,2024-01-25 00:00:00
1549,2024-01-23 21:00:00,High,Hardware,Resolved,L3,18,2024-01-24 15:00:00
1550,2024-01-23 22:00:00,Low,Network,Resolved,L1,25,2024-01-24 23:00:00
1551,2024-01-23 23:00:00,Low,Hardware,Resolved,L1,25,2024-01-25 00:00:00
1552,2024-01-24 00:00:00,Low,Software,Resolved,L1,24,2024-01-25 00:00:00
1553,2024-01-24 01:00:00,Low,Hardware,Resolved,L1,18,2024-01-24 19:00:00
1554,2024-01-24 02:00:00,Low,Access,Resolved,L3,55,2024-01-26 09:00:00
1555,2024-01-24 03:00:00,Medium,Software,Pending,L1,66,2024-01-26 21:00:00
1556,2024-01-24 04:00:00,Low,Access,Pending,L1,26,2024-01-25 06:00:00
1557,2024-01-24 05:00:00,Low,Network,Resolved,L1,30,2024-01-25 11:00:00
1558,2024-01-24 06:00:00,High,Network,Resolved,L1,10,2024-01-24 16:00:00
1559,2024-01-24 07:00:00,Low,Network,Resolved,L3,58,2024-01-26 17:00:00
1560,2024-01-24 08:00:00,High,Hardware,Resolved,L1,19,2024-01-25 03:00:00
1561,2024-01-24 09:00:00,Medium,Software,Resolved,L3,46,2024-01-26 07:00:00
1562,2024-01-24 10:00:00,Low,Network,Resolved,L2,28,2024-01-25 14:00:00
1563,2024-01-24 11:00:00,High,Network,Pending,L3,9,2024-01-24 20:00:00
1564,2024-01-24 12:00:00,High,Software,Resolved,L3,10,2024-01-24 22:00:00
1565,2024-01-24 13:00:00,Medium,Network,Resolved,L1,31,2024-01-25 20:00:00
1566,2024-01-24 14:00:00,Low,Access,Resolved,L2,47,2024-01-26 13:00:00
1567,2024-01-24 15:00:00,Low,Software,Resolved,L2,46,2024-01-26 13:00:00
1568,2024-01-24 16:00:00,High,Software,Pending,L2,23,2024-01-25 15:00:00
1569,2024-01-24 17:00:00,Low,Software,Resolved,L2,69,2024-01-27 14:00:00
1570,2024-01-24 18:00:00,High,Access,Resolved,L3,22,2024-01-25 16:00:00
1571,2024-01-24 19:00:00,Low,Software,Resolved,L2,55,2024-01-27 02:00:00
1572,2024-01-24 20:00:00,High,Access,Resolved,L3,22,2024-01-25 18:00:00
1573,2024-01-24 21:00:00,Low,Software,Resolved,L3,35,2024-01-26 08:00:00
1574,2024-01-24 22:00:00,Medium,Hardware,Resolved,L3,28,2024-01-26 02:00:00
1575,2024-01-24 23:00:00,Low,Network,Resolved,L2,18,2024-01-25 17:00:00
1576,2024-01-25 00:00:00,Low,Hardware,Resolved,L1,54,2024-01-27 06:00:00
1577,2024-01-25 01:00:00,Medium,Network,Resolved,L1,61,2024-01-27 14:00:00
1578,2024-01-25 02:00:00,Low,Access,Resolved,L2,12,2024-01-25 14:00:00
1579,2024-01-25 03:00:00,Medium,Hardware,Resolved,L1,46,2024-01-27 01:00:00
1580,2024-01-25 04:00:00,Low,Software,Resolved,L1,43,2024-01-26 23:00:00
1581,2024-01-25 05:00:00,High,Network,Resolved,L3,3,2024-01-25 08:00:00
1582,2024-01-25 06:00:00,High,Network,Pending,L3,10,2024-01-25 16:00:00
1583,2024-01-25 07:00:00,Low,Hardware,Pending,L2,17,2024-01-26 00:00:00
1584,2024-01-25 08:00:00,Low,Access,Pending,L2,69,2024-01-28 05:00:00
1585,2024-01-25 09:00:00,Low,Hardware,Resolved,L1,25,2024-01-26 10:00:00
1586,2024-01-25 10:00:00,High,Access,Resolved,L3,1,2024-01-25 11:00:00
1587,2024-01-25 11:00:00,Low,Access,Resolved,L2,59,2024-01-27 22:00:00
1588,2024-01-25 12:00:00,High,Network,Resolved,L2,2,2024-01-25 14:00:00
1589,2024-01-25 13:00:00,Medium,Hardware,Pending,L2,58,2024-01-27 23:00:00
1590,2024-01-25 14:00:00,High,Hardware,Resolved,L2,13,2024-01-26 03:00:00
1591,2024-01-25 15:00:00,High,Access,Resolved,L2,22,2024-01-26 13:00:00
1592,2024-01-25 16:00:00,Medium,Hardware,Resolved,L2,70,2024-01-28 14:00:00
1593,2024-01-25 17:00:00,High,Software,Resolved,L1,2,2024-01-25 19:00:00
1594,2024-01-25 18:00:00,Low,Software,Resolved,L3,39,2024-01-27 09:00:00
1595,2024-01-25 19:00:00,Low,Hardware,Resolved,L3,27,2024-01-26 22:00:00
1596,2024-01-25 20:00:00,High,Hardware,Resolved,L2,13,2024-01-26 09:00:00
1597,2024-01-25 21:00:00,Low,Access,Resolved,L3,56,2024-01-28 05:00:00
1598,2024-01-25 22:00:00,High,Software,Resolved,L3,17,2024-01-26 15:00:00
1599,2024-01-25 23:00:00,Low,Software,Resolved,L3,39,2024-01-27 14:00:00
1600,2024-01-26 00:00:00,Low,Network,Pending,L2,43,2024-01-27 19:00:00
1601,2024-01-26 01:00:00,High,Access,Pending,L2,17,2024-01-26 18:00:00
1602,2024-01-26 02:00:00,Low,Network,Resolved,L3,13,2024-01-26 15:00:00
1603,2024-01-26 03:00:00,High,Software,Resolved,L3,13,2024-01-26 16:00:00
1604,2024-01-26 04:00:00,Low,Access,Resolved,L2,14,2024-01-26 18:00:00
1605,2024-01-26 05:00:00,Low,Hardware,Resolved,L1,65,2024-01-28 22:00:00
1606,2024-01-26 06:00:00,Medium,Access,Resolved,L3,19,2024-01-27 01:00:00
1607,2024-01-26 07:00:00,Medium,Hardware,Pending,L1,35,2024-01-27 18:00:00
1608,2024-01-26 08:00:00,High,Hardware,Resolved,L3,17,2024-01-27 01:00:00
1609,2024-01-26 09:00:00,Medium,Access,Pending,L1,54,2024-01-28 15:00:00
1610,2024-01-26 10:00:00,High,Hardware,Resolved,L1,21,2024-01-27 07:00:00
1611,2024-01-26 11:00:00,Medium,Network,Resolved,L1,20,2024-01-27 07:00:00
1612,2024-01-26 12:00:00,Low,Software,Resolved,L2,50,2024-01-28 14:00:00
1613,2024-01-26 13:00:00,High,Hardware,Pending,L1,17,2024-01-27 06:00:00
1614,2024-01-26 14:00:00,High,Network,Resolved,L1,11,2024-01-27 01:00:00
1615,2024-01-26 15:00:00,Low,Hardware,Resolved,L1,19,2024-01-27 10:00:00
1616,2024-01-26 16:00:00,High,Software,Resolved,L3,15,2024-01-27 07:00:00
1617,2024-01-26 17:00:00,High,Network,Resolved,L1,21,2024-01-27 14:00:00
1618,2024-01-26 18:00:00,Medium,Software,Resolved,L3,55,2024-01-29 01:00:00
1619,2024-01-26 19:00:00,High,Software,Resolved,L1,16,2024-01-27 11:00:00
1620,2024-01-26 20:00:00,Low,Network,Resolved,L1,50,2024-01-28 22:00:00
1621,2024-01-26 21:00:00,Medium,Network,Resolved,L2,53,2024-01-29 02:00:00
1622,2024-01-26 22:00:00,Medium,Network,Resolved,L3,68,2024-01-29 18:00:00
1623,2024-01-26 23:00:00,Low,Access,Resolved,L1,27,2024-01-28 02:00:00
1624,2024-01-27 00:00:00,Low,Network,Resolved,L3,46,2024-01-28 22:00:00
1625,2024-01-27 01:00:00,Medium,Network,Resolved,L3,41,2024-01-28 18:00:00
1626,2024-01-27 02:00:00,High,Network,Resolved,L2,19,2024-01-27 21:00:00
1627,2024-01-27 03:00:00,Medium,Network,Resolved,L2,49,2024-01-29 04:00:00
1628,2024-01-27 04:00:00,Low,Hardware,Pending,L2,29,2024-01-28 09:00:00
1629,2024-01-27 05:00:00,Medium,Access,Resolved,L2,61,2024-01-29 18:00:00
1630,2024-01-27 06:00:00,Low,Software,Resolved,L2,16,2024-01-27 22:00:00
1631,2024-01-27 07:00:00,Medium,Network,Resolved,L2,64,2024-01-29 23:00:00
1632,2024-01-27 08:00:00,High,Hardware,Resolved,L2,14,2024-01-27 22:00:00
1633,2024-01-27 09:00:00,Medium,Hardware,Resolved,L2,50,2024-01-29 11:00:00
1634,2024-01-27 10:00:00,Medium,Hardware,Resolved,L1,71,2024-01-30 09:00:00
1635,2024-01-27 11:00:00,Low,Software,Resolved,L3,45,2024-01-29 08:00:00
1636,2024-01-27 12:00:00,Low,Network,Resolved,L2,54,2024-01-29 18:00:00
1637,2024-01-27 13:00:00,Low,Access,Resolved,L2,56,2024-01-29 21:00:00
1638,2024-01-27 14:00:00,Medium,Access,Resolved,L3,34,2024-01-29 00:00:00
1639,2024-01-27 15:00:00,High,Hardware,Resolved,L1,3,2024-01-27 18:00:00
1640,2024-01-27 16:00:00,Low,Software,Resolved,L3,41,2024-01-29 09:00:00
1641,2024-01-27 17:00:00,Low,Software,Resolved,L3,17,2024-01-28 10:00:00
1642,2024-01-27 18:00:00,Medium,Software,Resolved,L2,67,2024-01-30 13:00:00
1643,2024-01-27 19:00:00,Low,Access,Pending,L3,69,2024-01-30 16:00:00
1644,2024-01-27 20:00:00,High,Hardware,Resolved,L3,18,2024-01-28 14:00:00
1645,2024-01-27 21:00:00,High,Network,Resolved,L2,19,2024-01-28 16:00:00
1646,2024-01-27 22:00:00,Low,Access,Resolved,L2,15,2024-01-28 13:00:00
1647,2024-01-27 23:00:00,Low,Hardware,Resolved,L2,40,2024-01-29 15:00:00
1648,2024-01-28 00:00:00,Medium,Hardware,Resolved,L2,34,2024-01-29 10:00:00
1649,2024-01-28 01:00:00,High,Network,Resolved,L3,22,2024-01-28 23:00:00
1650,2024-01-28 02:00:00,High,Network,Resolved,L3,6,2024-01-28 08:00:00
1651,2024-01-28 03:00:00,Low,Network,Resolved,L1,53,2024-01-30 08:00:00
1652,2024-01-28 04:00:00,Medium,Software,Resolved,L1,29,2024-01-29 09:00:00
1653,2024-01-28 05:00:00,High,Network,Resolved,L3,8,2024-01-28 13:00:00
1654,2024-01-28 06:00:00,High,Hardware,Resolved,L1,4,2024-01-28 10:00:00
1655,2024-01-28 07:00:00,Medium,Network,Pending,L3,69,2024-01-31 04:00:00
1656,2024-01-28 08:00:00,Medium,Hardware,Resolved,L1,43,2024-01-30 03:00:00
1657,2024-01-28 09:00:00,High,Access,Resolved,L2,17,2024-01-29 02:00:00
1658,2024-01-28 10:00:00,High,Software,Pending,L1,13,2024-01-28 23:00:00
1659,2024-01-28 11:00:00,Medium,Access,Resolved,L2,21,2024-01-29 08:00:00
1660,2024-01-28 12:00:00,High,Access,Resolved,L2,2,2024-01-28 14:00:00
1661,2024-01-28 13:00:00,Low,Hardware,Resolved,L2,17,2024-01-29 06:00:00
1662,2024-01-28 14:00:00,Low,Access,Pending,L2,59,2024-01-31 01:00:00
1663,2024-01-28 15:00:00,Medium,Hardware,Resolved,L1,67,2024-01-31 10:00:00
1664,2024-01-28 16:00:00,Medium,Network,Resolved,L3,70,2024-01-31 14:00:00
1665,2024-01-28 17:00:00,Medium,Network,Resolved,L2,14,2024-01-29 07:00:00
1666,2024-01-28 18:00:00,Low,Hardware,Pending,L1,53,2024-01-30 23:00:00
1667,2024-01-28 19:00:00,High,Network,Resolved,L2,3,2024-01-28 22:00:00
1668,2024-01-28 20:00:00,Low,Software,Resolved,L1,54,2024-01-31 02:00:00
1669,2024-01-28 21:00:00,High,Access,Resolved,L1,3,2024-01-29 00:00:00
1670,2024-01-28 22:00:00,Low,Software,Resolved,L1,43,2024-01-30 17:00:00
1671,2024-01-28 23:00:00,High,Access,Resolved,L3,14,2024-01-29 13:00:00
1672,2024-01-29 00:00:00,Low,Network,Pending,L1,15,2024-01-29 15:00:00
1673,2024-01-29 01:00:00,Medium,Software,Resolved,L1,28,2024-01-30 05:00:00
1674,2024-01-29 02:00:00,Low,Network,Resolved,L3,52,2024-01-31 06:00:00
1675,2024-01-29 03:00:00,High,Access,Resolved,L3,20,2024-01-29 23:00:00
1676,2024-01-29 04:00:00,Low,Hardware,Pending,L1,16,2024-01-29 20:00:00
1677,2024-01-29 05:00:00,Low,Hardware,Resolved,L3,43,2024-01-31 00:00:00
1678,2024-01-29 06:00:00,Low,Software,Resolved,L2,33,2024-01-30 15:00:00
1679,2024-01-29 07:00:00,Medium,Network,Pending,L2,67,2024-02-01 02:00:00
1680,2024-01-29 08:00:00,Low,Network,Pending,L3,17,2024-01-30 01:00:00
1681,2024-01-29 09:00:00,Medium,Software,Pending,L3,46,2024-01-31 07:00:00
1682,2024-01-29 10:00:00,Medium,Hardware,Pending,L1,33,2024-01-30 19:00:00
1683,2024-01-29 11:00:00,Low,Access,Resolved,L3,12,2024-01-29 23:00:00
1684,2024-01-29 12:00:00,Low,Software,Resolved,L1,31,2024-01-30 19:00:00
1685,2024-01-29 13:00:00,Low,Access,Resolved,L2,33,2024-01-30 22:00:00
1686,2024-01-29 14:00:00,High,Hardware,Pending,L3,8,2024-01-29 22:00:00
1687,2024-01-29 15:00:00,Low,Network,Resolved,L1,66,2024-02-01 09:00:00
1688,2024-01-29 16:00:00,Medium,Hardware,Resolved,L1,22,2024-01-30 14:00:00
1689,2024-01-29 17:00:00,Low,Software,Resolved,L2,24,2024-01-30 17:00:00
1690,2024-01-29 18:00:00,High,Network,Resolved,L3,13,2024-01-30 07:00:00
1691,2024-01-29 19:00:00,Low,Software,Resolved,L2,53,2024-02-01 00:00:00
1692,2024-01-29 20:00:00,High,Software,Pending,L1,20,2024-01-30 16:00:00
1693,2024-01-29 21:00:00,High,Hardware,Pending,L1,17,2024-01-30 14:00:00
1694,2024-01-29 22:00:00,Low,Software,Resolved,L3,71,2024-02-01 21:00:00
1695,2024-01-29 23:00:00,Medium,Hardware,Resolved,L1,23,2024-01-30 22:00:00
1696,2024-01-30 00:00:00,High,Network,Resolved,L3,19,2024-01-30 19:00:00
1697,2024-01-30 01:00:00,Low,Hardware,Resolved,L2,25,2024-01-31 02:00:00
1698,2024-01-30 02:00:00,Low,Network,Pending,L3,44,2024-01-31 22:00:00
1699,2024-01-30 03:00:00,Medium,Hardware,Resolved,L3,29,2024-01-31 08:00:00
1700,2024-01-30 04:00:00,High,Access,Resolved,L1,6,2024-01-30 10:00:00
1701,2024-01-30 05:00:00,High,Access,Pending,L1,17,2024-01-30 22:00:00
1702,2024-01-30 06:00:00,Low,Software,Resolved,L3,52,2024-02-01 10:00:00
1703,2024-01-30 07:00:00,Low,Hardware,Resolved,L1,20,2024-01-31 03:00:00
1704,2024-01-30 08:00:00,Medium,Hardware,Resolved,L1,34,2024-01-31 18:00:00
1705,2024-01-30 09:00:00,Medium,Network,Resolved,L1,21,2024-01-31 06:00:00
1706,2024-01-30 10:00:00,High,Software,Resolved,L3,4,2024-01-30 14:00:00
1707,2024-01-30 11:00:00,High,Hardware,Resolved,L1,10,2024-01-30 21:00:00
1708,2024-01-30 12:00:00,Low,Software,Resolved,L3,16,2024-01-31 04:00:00
1709,2024-01-30 13:00:00,High,Access,Pending,L1,21,2024-01-31 10:00:00
1710,2024-01-30 14:00:00,Medium,Hardware,Resolved,L2,63,2024-02-02 05:00:00
1711,2024-01-30 15:00:00,Medium,Hardware,Resolved,L1,34,2024-02-01 01:00:00
1712,2024-01-30 16:00:00,Low,Software,Resolved,L1,41,2024-02-01 09:00:00
1713,2024-01-30 17:00:00,Medium,Hardware,Resolved,L3,36,2024-02-01 05:00:00
1714,2024-01-30 18:00:00,Medium,Software,Resolved,L3,39,2024-02-01 09:00:00
1715,2024-01-30 19:00:00,Medium,Hardware,Resolved,L1,45,2024-02-01 16:00:00
1716,2024-01-30 20:00:00,Medium,Network,Resolved,L2,56,2024-02-02 04:00:00
1717,2024-01-30 21:00:00,Low,Software,Pending,L1,67,2024-02-02 16:00:00
1718,2024-01-30 22:00:00,Low,Hardware,Resolved,L1,59,2024-02-02 09:00:00
1719,2024-01-30 23:00:00,High,Access,Resolved,L2,8,2024-01-31 07:00:00
1720,2024-01-31 00:00:00,Medium,Hardware,Pending,L3,36,2024-02-01 12:00:00
1721,2024-01-31 01:00:00,High,Access,Resolved,L1,13,2024-01-31 14:00:00
1722,2024-01-31 02:00:00,Low,Access,Resolved,L3,25,2024-02-01 03:00:00
1723,2024-01-31 03:00:00,Low,Network,Resolved,L3,53,2024-02-02 08:00:00
1724,2024-01-31 04:00:00,Low,Software,Resolved,L2,68,2024-02-03 00:00:00
1725,2024-01-31 05:00:00,Low,Hardware,Resolved,L2,57,2024-02-02 14:00:00
1726,2024-01-31 06:00:00,Low,Network,Resolved,L3,69,2024-02-03 03:00:00
1727,2024-01-31 07:00:00,Low,Hardware,Resolved,L1,41,2024-02-02 00:00:00
1728,2024-01-31 08:00:00,Low,Access,Resolved,L3,66,2024-02-03 02:00:00
1729,2024-01-31 09:00:00,Medium,Software,Resolved,L1,52,2024-02-02 13:00:00
1730,2024-01-31 10:00:00,High,Hardware,Resolved,L1,2,2024-01-31 12:00:00
1731,2024-01-31 11:00:00,Low,Hardware,Resolved,L2,25,2024-02-01 12:00:00
1732,2024-01-31 12:00:00,Medium,Access,Resolved,L1,46,2024-02-02 10:00:00
1733,2024-01-31 13:00:00,Medium,Hardware,Resolved,L1,63,2024-02-03 04:00:00
1734,2024-01-31 14:00:00,High,Hardware,Pending,L3,23,2024-02-01 13:00:00
1735,2024-01-31 15:00:00,Low,Access,Resolved,L2,45,2024-02-02 12:00:00
1736,2024-01-31 16:00:00,High,Network,Resolved,L1,17,2024-02-01 09:00:00
1737,2024-01-31 17:00:00,Low,Access,Resolved,L1,46,2024-02-02 15:00:00
1738,2024-01-31 18:00:00,Medium,Network,Resolved,L2,22,2024-02-01 16:00:00
1739,2024-01-31 19:00:00,Medium,Software,Pending,L3,22,2024-02-01 17:00:00
1740,2024-01-31 20:00:00,Medium,Network,Pending,L2,32,2024-02-02 04:00:00
1741,2024-01-31 21:00:00,Medium,Network,Resolved,L2,32,2024-02-02 05:00:00
1742,2024-01-31 22:00:00,High,Software,Resolved,L1,1,2024-01-31 23:00:00
1743,2024-01-31 23:00:00,Low,Network,Resolved,L1,56,2024-02-03 07:00:00
1744,2024-02-01 00:00:00,Low,Access,Pending,L3,18,2024-02-01 18:00:00
1745,2024-02-01 01:00:00,High,Network,Resolved,L1,14,2024-02-01 15:00:00
1746,2024-02-01 02:00:00,Low,Software,Resolved,L1,28,2024-02-02 06:00:00
1747,2024-02-01 03:00:00,Medium,Access,Resolved,L2,13,2024-02-01 16:00:00
1748,2024-02-01 04:00:00,Low,Software,Resolved,L1,23,2024-02-02 03:00:00
1749,2024-02-01 05:00:00,Medium,Software,Resolved,L3,68,2024-02-04 01:00:00
1750,2024-02-01 06:00:00,High,Hardware,Resolved,L2,10,2024-02-01 16:00:00
1751,2024-02-01 07:00:00,Low,Hardware,Resolved,L3,29,2024-02-02 12:00:00
1752,2024-02-01 08:00:00,High,Software,Resolved,L2,21,2024-02-02 05:00:00
1753,2024-02-01 09:00:00,Low,Software,Resolved,L1,70,2024-02-04 07:00:00
1754,2024-02-01 10:00:00,Medium,Software,Resolved,L2,22,2024-02-02 08:00:00
1755,2024-02-01 11:00:00,High,Hardware,Resolved,L2,4,2024-02-01 15:00:00
1756,2024-02-01 12:00:00,Low,Hardware,Resolved,L1,60,2024-02-04 00:00:00
1757,2024-02-01 13:00:00,Medium,Network,Resolved,L1,62,2024-02-04 03:00:00
1758,2024-02-01 14:00:00,High,Network,Resolved,L3,6,2024-02-01 20:00:00
1759,2024-02-01 15:00:00,High,Software,Resolved,L3,20,2024-02-02 11:00:00
1760,2024-02-01 16:00:00,Low,Access,Resolved,L1,64,2024-02-04 08:00:00
1761,2024-02-01 17:00:00,Low,Access,Resolved,L1,70,2024-02-04 15:00:00
1762,2024-02-01 18:00:00,Low,Hardware,Resolved,L1,37,2024-02-03 07:00:00
1763,2024-02-01 19:00:00,Medium,Hardware,Pending,L2,27,2024-02-02 22:00:00
1764,2024-02-01 20:00:00,Low,Hardware,Resolved,L2,17,2024-02-02 13:00:00
1765,2024-02-01 21:00:00,High,Software,Pending,L2,1,2024-02-01 22:00:00
1766,2024-02-01 22:00:00,High,Access,Resolved,L1,5,2024-02-02 03:00:00
1767,2024-02-01 23:00:00,Low,Network,Resolved,L3,54,2024-02-04 05:00:00
1768,2024-02-02 00:00:00,Low,Software,Resolved,L1,58,2024-02-04 10:00:00
1769,2024-02-02 01:00:00,High,Network,Resolved,L2,21,2024-02-02 22:00:00
1770,2024-02-02 02:00:00,Medium,Network,Resolved,L2,59,2024-02-04 13:00:00
1771,2024-02-02 03:00:00,Low,Software,Resolved,L1,53,2024-02-04 08:00:00
1772,2024-02-02 04:00:00,Low,Network,Resolved,L1,23,2024-02-03 03:00:00
1773,2024-02-02 05:00:00,High,Access,Resolved,L2,14,2024-02-02 19:00:00
1774,2024-02-02 06:00:00,Low,Network,Resolved,L2,24,2024-02-03 06:00:00
1775,2024-02-02 07:00:00,Medium,Access,Resolved,L2,15,2024-02-02 22:00:00
1776,2024-02-02 08:00:00,High,Access,Resolved,L1,6,2024-02-02 14:00:00
1777,2024-02-02 09:00:00,Low,Access,Resolved,L2,65,2024-02-05 02:00:00
1778,2024-02-02 10:00:00,High,Hardware,Resolved,L2,8,2024-02-02 18:00:00
1779,2024-02-02 11:00:00,Low,Network,Resolved,L3,37,2024-02-04 00:00:00
1780,2024-02-02 12:00:00,Low,Software,Resolved,L1,70,2024-02-05 10:00:00
1781,2024-02-02 13:00:00,Low,Software,Resolved,L3,38,2024-02-04 03:00:00
1782,2024-02-02 14:00:00,Medium,Network,Pending,L3,38,2024-02-04 04:00:00
1783,2024-02-02 15:00:00,Medium,Hardware,Pending,L2,26,2024-02-03 17:00:00
1784,2024-02-02 16:00:00,High,Hardware,Resolved,L1,2,2024-02-02 18:00:00
1785,2024-02-02 17:00:00,Low,Access,Resolved,L2,18,2024-02-03 11:00:00
1786,2024-02-02 18:00:00,Low,Network,Resolved,L1,58,2024-02-05 04:00:00
1787,2024-02-02 19:00:00,Medium,Network,Resolved,L3,66,2024-02-05 13:00:00
1788,2024-02-02 20:00:00,Low,Software,Resolved,L1,57,2024-02-05 05:00:00
1789,2024-02-02 21:00:00,Medium,Network,Resolved,L2,51,2024-02-05 00:00:00
1790,2024-02-02 22:00:00,Low,Hardware,Pending,L2,71,2024-02-05 21:00:00
1791,2024-02-02 23:00:00,High,Network,Resolved,L2,20,2024-02-03 19:00:00
1792,2024-02-03 00:00:00,Low,Software,Resolved,L1,24,2024-02-04 00:00:00
1793,2024-02-03 01:00:00,Low,Access,Resolved,L3,54,2024-02-05 07:00:00
1794,2024-02-03 02:00:00,Medium,Software,Resolved,L3,28,2024-02-04 06:00:00
1795,2024-02-03 03:00:00,Low,Software,Resolved,L1,28,2024-02-04 07:00:00
1796,2024-02-03 04:00:00,Low,Access,Resolved,L2,67,2024-02-05 23:00:00
1797,2024-02-03 05:00:00,Medium,Software,Resolved,L3,47,2024-02-05 04:00:00
1798,2024-02-03 06:00:00,High,Software,Resolved,L2,15,2024-02-03 21:00:00
1799,2024-02-03 07:00:00,High,Network,Pending,L1,16,2024-02-03 23:00:00
1800,2024-02-03 08:00:00,Medium,Network,Resolved,L2,16,2024-02-04 00:00:00
1801,2024-02-03 09:00:00,Medium,Access,Resolved,L3,37,2024-02-04 22:00:00
1802,2024-02-03 10:00:00,Medium,Network,Resolved,L3,27,2024-02-04 13:00:00
1803,2024-02-03 11:00:00,Medium,Network,Pending,L2,47,2024-02-05 10:00:00
1804,2024-02-03 12:00:00,Medium,Software,Resolved,L1,39,2024-02-05 03:00:00
1805,2024-02-03 13:00:00,High,Hardware,Resolved,L2,21,2024-02-04 10:00:00
1806,2024-02-03 14:00:00,High,Network,Pending,L1,19,2024-02-04 09:00:00
1807,2024-02-03 15:00:00,Medium,Hardware,Pending,L2,58,2024-02-06 01:00:00
1808,2024-02-03 16:00:00,Low,Network,Resolved,L3,23,2024-02-04 15:00:00
1809,2024-02-03 17:00:00,Medium,Network,Pending,L1,48,2024-02-05 17:00:00
1810,2024-02-03 18:00:00,Low,Access,Resolved,L1,41,2024-02-05 11:00:00
1811,2024-02-03 19:00:00,Medium,Access,Resolved,L1,34,2024-02-05 05:00:00
1812,2024-02-03 20:00:00,Medium,Access,Resolved,L3,27,2024-02-04 23:00:00
1813,2024-02-03 21:00:00,High,Hardware,Resolved,L2,6,2024-02-04 03:00:00
1814,2024-02-03 22:00:00,Low,Software,Resolved,L3,21,2024-02-04 19:00:00
1815,2024-02-03 23:00:00,Low,Network,Resolved,L1,18,2024-02-04 17:00:00
1816,2024-02-04 00:00:00,High,Network,Resolved,L2,17,2024-02-04 17:00:00
1817,2024-02-04 01:00:00,High,Network,Resolved,L3,4,2024-02-04 05:00:00
1818,2024-02-04 02:00:00,High,Hardware,Resolved,L1,23,2024-02-05 01:00:00
1819,2024-02-04 03:00:00,High,Access,Resolved,L1,15,2024-02-04 18:00:00
1820,2024-02-04 04:00:00,Low,Software,Resolved,L3,40,2024-02-05 20:00:00
1821,2024-02-04 05:00:00,Low,Hardware,Resolved,L3,14,2024-02-04 19:00:00
1822,2024-02-04 06:00:00,Medium,Access,Resolved,L3,26,2024-02-05 08:00:00
1823,2024-02-04 07:00:00,Medium,Hardware,Resolved,L1,47,2024-02-06 06:00:00
1824,2024-02-04 08:00:00,High,Software,Pending,L3,5,2024-02-04 13:00:00
1825,2024-02-04 09:00:00,High,Access,Resolved,L1,21,2024-02-05 06:00:00
1826,2024-02-04 10:00:00,High,Hardware,Resolved,L3,10,2024-02-04 20:00:00
1827,2024-02-04 11:00:00,Medium,Software,Resolved,L1,30,2024-02-05 17:00:00
1828,2024-02-04 12:00:00,Medium,Network,Resolved,L1,24,2024-02-05 12:00:00
1829,2024-02-04 13:00:00,Medium,Software,Resolved,L2,53,2024-02-06 18:00:00
1830,2024-02-04 14:00:00,Medium,Network,Pending,L3,32,2024-02-05 22:00:00
1831,2024-02-04 15:00:00,Medium,Hardware,Resolved,L3,48,2024-02-06 15:00:00
1832,2024-02-04 16:00:00,Medium,Access,Resolved,L1,38,2024-02-06 06:00:00
1833,2024-02-04 17:00:00,Medium,Access,Resolved,L1,66,2024-02-07 11:00:00
1834,2024-02-04 18:00:00,High,Hardware,Resolved,L1,20,2024-02-05 14:00:00
1835,2024-02-04 19:00:00,High,Access,Resolved,L2,16,2024-02-05 11:00:00
1836,2024-02-04 20:00:00,High,Access,Resolved,L2,19,2024-02-05 15:00:00
1837,2024-02-04 21:00:00,High,Network,Resolved,L1,23,2024-02-05 20:00:00
1838,2024-02-04 22:00:00,Medium,Hardware,Resolved,L3,17,2024-02-05 15:00:00
1839,2024-02-04 23:00:00,Low,Software,Resolved,L3,47,2024-02-06 22:00:00
1840,2024-02-05 00:00:00,Medium,Network,Pending,L2,13,2024-02-05 13:00:00
1841,2024-02-05 01:00:00,Low,Hardware,Resolved,L2,33,2024-02-06 10:00:00
1842,2024-02-05 02:00:00,High,Network,Resolved,L1,5,2024-02-05 07:00:00
1843,2024-02-05 03:00:00,Medium,Software,Resolved,L3,27,2024-02-06 06:00:00
1844,2024-02-05 04:00:00,High,Software,Resolved,L1,19,2024-02-05 23:00:00
1845,2024-02-05 05:00:00,Medium,Hardware,Pending,L2,16,2024-02-05 21:00:00
1846,2024-02-05 06:00:00,High,Software,Resolved,L3,12,2024-02-05 18:00:00
1847,2024-02-05 07:00:00,Low,Network,Resolved,L3,47,2024-02-07 06:00:00
1848,2024-02-05 08:00:00,Low,Software,Pending,L2,41,2024-02-07 01:00:00
1849,2024-02-05 09:00:00,Low,Network,Resolved,L1,56,2024-02-07 17:00:00
1850,2024-02-05 10:00:00,Medium,Network,Pending,L1,30,2024-02-06 16:00:00
1851,2024-02-05 11:00:00,Low,Software,Resolved,L3,34,2024-02-06 21:00:00
1852,2024-02-05 12:00:00,Medium,Hardware,Resolved,L2,45,2024-02-07 09:00:00
1853,2024-02-05 13:00:00,Low,Access,Resolved,L3,24,2024-02-06 13:00:00
1854,2024-02-05 14:00:00,Low,Software,Resolved,L2,54,2024-02-07 20:00:00
1855,2024-02-05 15:00:00,Medium,Network,Pending,L1,65,2024-02-08 08:00:00
1856,2024-02-05 16:00:00,Medium,Network,Resolved,L2,40,2024-02-07 08:00:00
1857,2024-02-05 17:00:00,Low,Software,Resolved,L1,47,2024-02-07 16:00:00
1858,2024-02-05 18:00:00,Medium,Hardware,Resolved,L2,33,2024-02-07 03:00:00
1859,2024-02-05 19:00:00,Low,Hardware,Resolved,L3,63,2024-02-08 10:00:00
1860,2024-02-05 20:00:00,Medium,Network,Resolved,L1,63,2024-02-08 11:00:00
1861,2024-02-05 21:00:00,High,Network,Pending,L3,23,2024-02-06 20:00:00
1862,2024-02-05 22:00:00,High,Hardware,Resolved,L3,11,2024-02-06 09:00:00
1863,2024-02-05 23:00:00,High,Access,Resolved,L1,21,2024-02-06 20:00:00
1864,2024-02-06 00:00:00,High,Software,Resolved,L1,12,2024-02-06 12:00:00
1865,2024-02-06 01:00:00,High,Network,Resolved,L3,5,2024-02-06 06:00:00
1866,2024-02-06 02:00:00,Low,Network,Resolved,L3,30,2024-02-07 08:00:00
1867,2024-02-06 03:00:00,High,Hardware,Resolved,L3,9,2024-02-06 12:00:00
1868,2024-02-06 04:00:00,High,Software,Pending,L3,9,2024-02-06 13:00:00
1869,2024-02-06 05:00:00,High,Hardware,Resolved,L1,22,2024-02-07 03:00:00
1870,2024-02-06 06:00:00,High,Software,Resolved,L1,10,2024-02-06 16:00:00
1871,2024-02-06 07:00:00,Medium,Software,Resolved,L3,26,2024-02-07 09:00:00
1872,2024-02-06 08:00:00,Low,Software,Pending,L2,68,2024-02-09 04:00:00
1873,2024-02-06 09:00:00,High,Network,Resolved,L2,1,2024-02-06 10:00:00
1874,2024-02-06 10:00:00,High,Access,Resolved,L1,7,2024-02-06 17:00:00
1875,2024-02-06 11:00:00,High,Hardware,Resolved,L3,4,2024-02-06 15:00:00
1876,2024-02-06 12:00:00,Low,Access,Resolved,L3,15,2024-02-07 03:00:00
1877,2024-02-06 13:00:00,Medium,Hardware,Resolved,L1,61,2024-02-09 02:00:00
1878,2024-02-06 14:00:00,Low,Software,Resolved,L2,29,2024-02-07 19:00:00
1879,2024-02-06 15:00:00,Medium,Network,Resolved,L2,16,2024-02-07 07:00:00
1880,2024-02-06 16:00:00,High,Access,Resolved,L2,22,2024-02-07 14:00:00
1881,2024-02-06 17:00:00,High,Network,Pending,L1,22,2024-02-07 15:00:00
1882,2024-02-06 18:00:00,Low,Hardware,Pending,L2,22,2024-02-07 16:00:00
1883,2024-02-06 19:00:00,Low,Network,Resolved,L1,48,2024-02-08 19:00:00
1884,2024-02-06 20:00:00,Medium,Network,Resolved,L1,33,2024-02-08 05:00:00
1885,2024-02-06 21:00:00,Medium,Access,Resolved,L3,69,2024-02-09 18:00:00
1886,2024-02-06 22:00:00,Low,Software,Resolved,L2,15,2024-02-07 13:00:00
1887,2024-02-06 23:00:00,Medium,Network,Resolved,L1,40,2024-02-08 15:00:00
1888,2024-02-07 00:00:00,Low,Software,Resolved,L2,55,2024-02-09 07:00:00
1889,2024-02-07 01:00:00,Medium,Hardware,Resolved,L2,45,2024-02-08 22:00:00
1890,2024-02-07 02:00:00,Low,Network,Pending,L3,24,2024-02-08 02:00:00
1891,2024-02-07 03:00:00,Low,Access,Resolved,L2,53,2024-02-09 08:00:00
1892,2024-02-07 04:00:00,Low,Hardware,Resolved,L3,20,2024-02-08 00:00:00
1893,2024-02-07 05:00:00,Medium,Hardware,Resolved,L1,53,2024-02-09 10:00:00
1894,2024-02-07 06:00:00,Medium,Access,Resolved,L2,42,2024-02-09 00:00:00
1895,2024-02-07 07:00:00,Medium,Network,Resolved,L1,18,2024-02-08 01:00:00
1896,2024-02-07 08:00:00,Low,Network,Resolved,L2,15,2024-02-07 23:00:00
1897,2024-02-07 09:00:00,Medium,Hardware,Resolved,L1,30,2024-02-08 15:00:00
1898,2024-02-07 10:00:00,Medium,Network,Resolved,L2,53,2024-02-09 15:00:00
1899,2024-02-07 11:00:00,Low,Software,Resolved,L2,41,2024-02-09 04:00:00
1900,2024-02-07 12:00:00,High,Access,Resolved,L2,3,2024-02-07 15:00:00
1901,2024-02-07 13:00:00,Low,Software,Pending,L2,46,2024-02-09 11:00:00
1902,2024-02-07 14:00:00,Medium,Network,Pending,L2,68,2024-02-10 10:00:00
1903,2024-02-07 15:00:00,Low,Hardware,Pending,L2,32,2024-02-08 23:00:00
1904,2024-02-07 16:00:00,High,Access,Resolved,L2,5,2024-02-07 21:00:00
1905,2024-02-07 17:00:00,Low,Network,Resolved,L2,30,2024-02-08 23:00:00
1906,2024-02-07 18:00:00,Medium,Network,Pending,L2,42,2024-02-09 12:00:00
1907,2024-02-07 19:00:00,High,Hardware,Resolved,L1,2,2024-02-07 21:00:00
1908,2024-02-07 20:00:00,Medium,Hardware,Resolved,L3,43,2024-02-09 15:00:00
1909,2024-02-07 21:00:00,High,Software,Resolved,L2,22,2024-02-08 19:00:00
1910,2024-02-07 22:00:00,High,Access,Resolved,L3,11,2024-02-08 09:00:00
1911,2024-02-07 23:00:00,Low,Access,Pending,L2,63,2024-02-10 14:00:00
1912,2024-02-08 00:00:00,Low,Hardware,Resolved,L2,21,2024-02-08 21:00:00
1913,2024-02-08 01:00:00,Medium,Software,Resolved,L1,13,2024-02-08 14:00:00
1914,2024-02-08 02:00:00,Low,Access,Resolved,L1,13,2024-02-08 15:00:00
1915,2024-02-08 03:00:00,Low,Hardware,Resolved,L3,71,2024-02-11 02:00:00
1916,2024-02-08 04:00:00,High,Network,Pending,L1,20,2024-02-09 00:00:00
1917,2024-02-08 05:00:00,Low,Access,Resolved,L1,28,2024-02-09 09:00:00
1918,2024-02-08 06:00:00,High,Software,Resolved,L3,8,2024-02-08 14:00:00
1919,2024-02-08 07:00:00,High,Software,Pending,L1,17,2024-02-09 00:00:00
1920,2024-02-08 08:00:00,High,Software,Resolved,L2,20,2024-02-09 04:00:00
1921,2024-02-08 09:00:00,Medium,Network,Resolved,L3,57,2024-02-10 18:00:00
1922,2024-02-08 10:00:00,Medium,Access,Resolved,L3,50,2024-02-10 12:00:00
1923,2024-02-08 11:00:00,Medium,Access,Resolved,L2,64,2024-02-11 03:00:00
1924,2024-02-08 12:00:00,High,Network,Resolved,L1,14,2024-02-09 02:00:00
1925,2024-02-08 13:00:00,Medium,Access,Resolved,L3,54,2024-02-10 19:00:00
1926,2024-02-08 14:00:00,Medium,Network,Resolved,L3,35,2024-02-10 01:00:00
1927,2024-02-08 15:00:00,Low,Network,Resolved,L2,12,2024-02-09 03:00:00
1928,2024-02-08 16:00:00,Medium,Network,Pending,L2,22,2024-02-09 14:00:00
1929,2024-02-08 17:00:00,Medium,Software,Resolved,L1,66,2024-02-11 11:00:00
1930,2024-02-08 18:00:00,High,Access,Resolved,L3,16,2024-02-09 10:00:00
1931,2024-02-08 19:00:00,High,Network,Resolved,L1,21,2024-02-09 16:00:00
1932,2024-02-08 20:00:00,High,Access,Resolved,L1,23,2024-02-09 19:00:00
1933,2024-02-08 21:00:00,High,Software,Resolved,L2,9,2024-02-09 06:00:00
1934,2024-02-08 22:00:00,High,Network,Pending,L3,3,2024-02-09 01:00:00
1935,2024-02-08 23:00:00,High,Hardware,Pending,L3,19,2024-02-09 18:00:00
1936,2024-02-09 00:00:00,Medium,Software,Resolved,L3,23,2024-02-09 23:00:00
1937,2024-02-09 01:00:00,High,Hardware,Pending,L2,5,2024-02-09 06:00:00
1938,2024-02-09 02:00:00,High,Access,Resolved,L2,10,2024-02-09 12:00:00
1939,2024-02-09 03:00:00,Low,Access,Resolved,L2,44,2024-02-10 23:00:00
1940,2024-02-09 04:00:00,Medium,Software,Resolved,L2,22,2024-02-10 02:00:00
1941,2024-02-09 05:00:00,Medium,Access,Pending,L2,39,2024-02-10 20:00:00
1942,2024-02-09 06:00:00,Medium,Hardware,Resolved,L3,43,2024-02-11 01:00:00
1943,2024-02-09 07:00:00,High,Network,Resolved,L1,15,2024-02-09 22:00:00
1944,2024-02-09 08:00:00,High,Network,Resolved,L3,21,2024-02-10 05:00:00
1945,2024-02-09 09:00:00,High,Network,Resolved,L1,14,2024-02-09 23:00:00
1946,2024-02-09 10:00:00,Low,Software,Resolved,L2,64,2024-02-12 02:00:00
1947,2024-02-09 11:00:00,High,Access,Pending,L1,7,2024-02-09 18:00:00
1948,2024-02-09 12:00:00,Low,Hardware,Pending,L3,18,2024-02-10 06:00:00
1949,2024-02-09 13:00:00,Medium,Access,Resolved,L3,13,2024-02-10 02:00:00
1950,2024-02-09 14:00:00,High,Access,Pending,L1,12,2024-02-10 02:00:00
1951,2024-02-09 15:00:00,Low,Access,Resolved,L2,35,2024-02-11 02:00:00
1952,2024-02-09 16:00:00,Low,Network,Pending,L2,15,2024-02-10 07:00:00
1953,2024-02-09 17:00:00,High,Hardware,Resolved,L3,10,2024-02-10 03:00:00
1954,2024-02-09 18:00:00,Medium,Hardware,Resolved,L1,30,2024-02-11 00:00:00
1955,2024-02-09 19:00:00,Medium,Access,Resolved,L2,37,2024-02-11 08:00:00
1956,2024-02-09 20:00:00,Medium,Network,Pending,L2,22,2024-02-10 18:00:00
1957,2024-02-09 21:00:00,Low,Network,Resolved,L3,51,2024-02-12 00:00:00
1958,2024-02-09 22:00:00,Low,Hardware,Resolved,L2,61,2024-02-12 11:00:00
1959,2024-02-09 23:00:00,Low,Network,Resolved,L1,54,2024-02-12 05:00:00
1960,2024-02-10 00:00:00,Low,Network,Resolved,L3,22,2024-02-10 22:00:00
1961,2024-02-10 01:00:00,Medium,Network,Resolved,L3,56,2024-02-12 09:00:00
1962,2024-02-10 02:00:00,High,Software,Resolved,L1,20,2024-02-10 22:00:00
1963,2024-02-10 03:00:00,Low,Access,Pending,L3,23,2024-02-11 02:00:00
1964,2024-02-10 04:00:00,Low,Hardware,Resolved,L2,14,2024-02-10 18:00:00
1965,2024-02-10 05:00:00,Medium,Hardware,Resolved,L2,53,2024-02-12 10:00:00
1966,2024-02-10 06:00:00,High,Software,Resolved,L1,20,2024-02-11 02:00:00
1967,2024-02-10 07:00:00,High,Access,Pending,L2,15,2024-02-10 22:00:00
1968,2024-02-10 08:00:00,Medium,Hardware,Pending,L1,65,2024-02-13 01:00:00
1969,2024-02-10 09:00:00,Medium,Network,Resolved,L1,13,2024-02-10 22:00:00
1970,2024-02-10 10:00:00,High,Hardware,Resolved,L2,3,2024-02-10 13:00:00
1971,2024-02-10 11:00:00,Low,Network,Resolved,L1,27,2024-02-11 14:00:00
1972,2024-02-10 12:00:00,High,Software,Resolved,L2,8,2024-02-10 20:00:00
1973,2024-02-10 13:00:00,Medium,Network,Pending,L3,71,2024-02-13 12:00:00
1974,2024-02-10 14:00:00,Low,Hardware,Resolved,L3,65,2024-02-13 07:00:00
1975,2024-02-10 15:00:00,Low,Hardware,Resolved,L1,41,2024-02-12 08:00:00
1976,2024-02-10 16:00:00,Medium,Hardware,Resolved,L2,31,2024-02-11 23:00:00
1977,2024-02-10 17:00:00,Medium,Software,Pending,L2,49,2024-02-12 18:00:00
1978,2024-02-10 18:00:00,Medium,Software,Resolved,L3,39,2024-02-12 09:00:00
1979,2024-02-10 19:00:00,High,Access,Resolved,L3,14,2024-02-11 09:00:00
1980,2024-02-10 20:00:00,High,Hardware,Resolved,L2,8,2024-02-11 04:00:00
1981,2024-02-10 21:00:00,Low,Network,Pending,L1,21,2024-02-11 18:00:00
1982,2024-02-10 22:00:00,Medium,Software,Resolved,L3,71,2024-02-13 21:00:00
1983,2024-02-10 23:00:00,Low,Hardware,Resolved,L1,53,2024-02-13 04:00:00
1984,2024-02-11 00:00:00,Low,Hardware,Resolved,L1,51,2024-02-13 03:00:00
1985,2024-02-11 01:00:00,Low,Software,Resolved,L3,44,2024-02-12 21:00:00
1986,2024-02-11 02:00:00,Low,Access,Resolved,L1,24,2024-02-12 02:00:00
1987,2024-02-11 03:00:00,Medium,Software,Resolved,L1,67,2024-02-13 22:00:00
1988,2024-02-11 04:00:00,Low,Software,Resolved,L2,52,2024-02-13 08:00:00
1989,2024-02-11 05:00:00,Medium,Network,Resolved,L1,65,2024-02-13 22:00:00
1990,2024-02-11 06:00:00,Medium,Network,Resolved,L2,53,2024-02-13 11:00:00
1991,2024-02-11 07:00:00,High,Access,Pending,L3,6,2024-02-11 13:00:00
1992,2024-02-11 08:00:00,Medium,Hardware,Resolved,L3,48,2024-02-13 08:00:00
1993,2024-02-11 09:00:00,High,Software,Pending,L2,22,2024-02-12 07:00:00
1994,2024-02-11 10:00:00,Medium,Access,Resolved,L3,27,2024-02-12 13:00:00
1995,2024-02-11 11:00:00,Medium,Network,Resolved,L1,56,2024-02-13 19:00:00
1996,2024-02-11 12:00:00,Medium,Software,Resolved,L1,33,2024-02-12 21:00:00
1997,2024-02-11 13:00:00,High,Hardware,Resolved,L1,14,2024-02-12 03:00:00
1998,2024-02-11 14:00:00,High,Network,Resolved,L3,5,2024-02-11 19:00:00
1999,2024-02-11 15:00:00,Low,Network,Resolved,L1,61,2024-02-14 04:00:00
